{"stats":{"minecraft:used":{"minecraft:oak_fence":35,"biomesoplenty:clover":4,"minecraft:netherite_sword":5,"minecraft:iron_shovel":2646,"minecraft:spruce_slab":16,"minecraft:chest":9,"minecraft:spruce_planks":14,"minecraft:iron_sword":382,"blue_skies:horizonite_chestplate":1,"minecraft:wooden_shovel":68,"minecraft:torch":7,"minecraft:dirt":1344,"biomesoplenty:redwood_fence":19,"minecraft:spruce_stairs":6,"create:light_gray_seat":1,"minecraft:oak_fence_gate":2,"minecraft:wooden_axe":85,"minecraft:lava_bucket":2,"minecraft:grass_block":7,"minecraft:iron_axe":47,"blue_skies:horizonite_boots":1,"minecraft:glowstone":4,"minecraft:furnace":3,"minecraft:oak_sapling":2,"minecraft:cooked_cod":15,"minecraft:potato":3,"minecraft:cooked_mutton":8,"blue_skies:horizonite_leggings":1,"minecraft:water_bucket":61,"minecraft:stone_pickaxe":266,"minecraft:wooden_pickaxe":3,"minecraft:spruce_sign":15,"blue_skies:horizonite_helmet":1,"minecraft:crafting_table":4,"minecraft:white_bed":6,"minecraft:shears":92,"minecraft:apple":7,"minecraft:iron_pickaxe":1658,"create:white_seat":4,"minecraft:golden_helmet":1,"minecraft:wooden_sword":54,"minecraft:cobblestone":93,"minecraft:cooked_porkchop":15,"minecraft:bucket":64,"minecraft:experience_bottle":2,"biomesoplenty:flowering_oak_leaves":10},"minecraft:killed_by":{"minecraft:zombie":2},"minecraft:broken":{"minecraft:golden_helmet":1,"minecraft:iron_shovel":9,"minecraft:wooden_shovel":1,"minecraft:stone_pickaxe":1,"minecraft:iron_pickaxe":6},"minecraft:picked_up":{"minecraft:charcoal":2,"minecraft:crafting_table":3,"minecraft:wheat":60,"twigs:roseate_seashell":1,"vinery:red_grape_seeds":4,"minecraft:oak_stairs":1,"minecraft:stone_brick_stairs":1,"minecraft:string":2,"minecraft:moss_carpet":15,"minecraft:raw_copper":16,"minecraft:wooden_sword":1,"minecraft:armor_stand":4,"biomesoplenty:tall_lavender":58,"minecraft:item_frame":1,"twigs:opaline_seashell":1,"mysticalagriculture:inferium_essence":6,"twigs:pebble":44,"minecraft:rose_bush":14,"minecraft:sugar_cane":3,"minecraft:chest":3,"minecraft:furnace":2,"minecraft:golden_helmet":3,"minecraft:raw_iron":40,"minecraft:oak_fence":1,"minecraft:torch":13,"minecraft:stone_button":2,"minecraft:diorite":4,"minecraft:vine":4,"blue_skies:horizonite_chestplate":1,"mores:raw_tin":21,"blue_skies:horizonite_helmet":2,"minecraft:arrow":8,"minecraft:rotten_flesh":2,"minecraft:tropical_fish":1,"ars_nouveau:worn_notebook":1,"minecraft:hay_block":2,"supplementaries:ash":7,"minecraft:mutton":8,"minecraft:cod":35,"minecraft:white_wool":13,"minecraft:cobblestone":3186,"minecraft:oxeye_daisy":2,"biomesoplenty:lavender":796,"biomesoplenty:flowering_oak_leaves":25,"minecraft:andesite":168,"minecraft:water_bucket":3,"minecraft:salmon":4,"minecraft:golden_leggings":5,"minecraft:potato":4,"minecraft:flint":8,"scalinghealth:bandages":1,"minecraft:oak_log":43,"minecraft:dirt":2421,"blue_skies:horizonite_boots":1,"minecraft:bone":10,"minecraft:apple":8,"minecraft:wheat_seeds":183,"minecraft:iron_ingot":8,"securitycraft:universal_block_reinforcer_lvl1":1,"twigs:twig":5,"minecraft:iron_sword":1,"minecraft:oak_planks":2,"blue_skies:horizonite_leggings":2,"patchouli:guide_book":1,"minecraft:stone_brick_slab":1,"minecraft:dandelion":3,"minecraft:gravel":117,"minecraft:lava_bucket":1,"minecraft:sand":35,"minecraft:white_bed":8,"alexsmobs:animal_dictionary":1,"biomesoplenty:flowering_oak_sapling":2,"minecraft:granite":24,"minecraft:grass":5,"minecraft:gray_wool":1,"minecraft:spruce_sign":2,"minecraft:emerald":2,"alexsmobs:maggot":1,"minecraft:oak_sapling":4,"mores:raw_silver":1,"minecraft:coal":42,"minecraft:oak_leaves":50},"minecraft:killed":{"minecraft:spider":1,"alexsmobs:raccoon":1,"minecraft:skeleton":3,"ars_nouveau:drygmy":1,"minecraft:iron_golem":2,"minecraft:sheep":5,"minecraft:zombie":1,"minecraft:villager":2},"minecraft:dropped":{"minecraft:water_bucket":1,"minecraft:wheat_seeds":60,"minecraft:golden_helmet":3,"biomesoplenty:lavender":3,"minecraft:cobblestone":84,"minecraft:granite":16,"minecraft:item_frame":1,"minecraft:stick":6,"minecraft:oxeye_daisy":2,"minecraft:dirt":439,"minecraft:gray_wool":1,"minecraft:stone_button":1,"minecraft:torch":5,"minecraft:wooden_axe":1,"biomesoplenty:flowering_oak_sapling":1,"minecraft:wooden_sword":2,"blue_skies:horizonite_chestplate":1,"twigs:opaline_seashell":1,"blue_skies:horizonite_leggings":2,"minecraft:dandelion":3,"minecraft:armor_stand":4,"minecraft:stone_brick_slab":1,"vinery:red_grape_seeds":4,"minecraft:furnace":1,"twigs:roseate_seashell":1,"minecraft:rotten_flesh":2,"minecraft:glowstone_dust":2,"minecraft:white_bed":1,"blue_skies:horizonite_helmet":3,"supplementaries:ash":6,"minecraft:hay_block":1,"minecraft:charcoal":2,"mysticalagriculture:inferium_essence":1,"mores:raw_silver":1,"minecraft:golden_leggings":5,"minecraft:wooden_pickaxe":1,"minecraft:stone_pickaxe":1,"blue_skies:horizonite_boots":1,"minecraft:stone_brick_stairs":1},"minecraft:custom":{"minecraft:mob_kills":16,"minecraft:interact_with_crafting_table":41,"minecraft:open_barrel":3,"minecraft:leave_game":9,"minecraft:time_since_death":104130,"minecraft:climb_one_cm":1868,"minecraft:sprint_one_cm":855365,"minecraft:walk_one_cm":905050,"minecraft:drop":125,"minecraft:talked_to_villager":19,"minecraft:play_time":316382,"minecraft:deaths":2,"minecraft:sneak_time":9110,"minecraft:walk_under_water_one_cm":12266,"minecraft:jump":5119,"minecraft:walk_on_water_one_cm":47915,"minecraft:total_world_time":316382,"minecraft:interact_with_furnace":21,"minecraft:sleep_in_bed":15,"minecraft:time_since_rest":31704,"minecraft:waystone_activated":1,"minecraft:damage_taken":2837,"minecraft:damage_dealt":4945,"minecraft:swim_one_cm":104123,"minecraft:fly_one_cm":920071,"minecraft:open_chest":89,"minecraft:crouch_one_cm":22986,"minecraft:fall_one_cm":121636},"minecraft:mined":{"minecraft:white_bed":8,"minecraft:cobblestone_stairs":3,"minecraft:spruce_fence":1,"minecraft:grass_block":1334,"minecraft:granite":8,"biomesoplenty:bush":1,"minecraft:stone_button":1,"biomesoplenty:flowering_oak_leaves":31,"minecraft:spruce_leaves":2,"biomesoplenty:dune_grass":6,"minecraft:hay_block":1,"biomesoplenty:tall_lavender":18,"minecraft:oak_trapdoor":1,"minecraft:carrots":2,"minecraft:furnace":2,"minecraft:iron_ore":42,"biomesoplenty:lavender":229,"minecraft:andesite":84,"minecraft:moss_carpet":12,"biomesoplenty:sea_oats":7,"minecraft:vine":4,"minecraft:oak_stairs":1,"minecraft:stone":1705,"minecraft:white_wool":2,"twigs:opaline_seashell":1,"biomesoplenty:jacaranda_leaves":2,"minecraft:infested_stone_bricks":1,"minecraft:stone_brick_slab":1,"minecraft:oak_fence":4,"minecraft:crafting_table":3,"minecraft:torch":9,"vinery:red_grape_bush":2,"twigs:roseate_seashell":1,"minecraft:chest":5,"minecraft:rose_bush":8,"minecraft:campfire":1,"minecraft:copper_ore":2,"minecraft:tall_grass":25,"minecraft:sugar_cane":1,"minecraft:diorite":2,"mores:tin_ore":6,"minecraft:wall_torch":2,"supplementaries:urn":1,"minecraft:wheat":32,"minecraft:stone_brick_stairs":1,"minecraft:grass":271,"minecraft:oak_log":44,"minecraft:coal_ore":43,"minecraft:beetroots":1,"minecraft:gravel":78,"minecraft:sand":36,"minecraft:dirt":1054,"mores:silver_ore":3,"minecraft:netherrack":1,"minecraft:oak_leaves":88},"minecraft:crafted":{"minecraft:oak_planks":172,"minecraft:furnace":2,"minecraft:cooked_mutton":8,"minecraft:iron_axe":1,"minecraft:stone_pickaxe":2,"minecraft:chest":7,"minecraft:oak_fence":48,"minecraft:cooked_cod":35,"minecraft:crafting_table":1,"farmersdelight:wheat_dough":3,"minecraft:air":0,"minecraft:oak_fence_gate":2,"minecraft:stick":86,"minecraft:iron_pickaxe":7,"minecraft:iron_ingot":31,"minecraft:iron_shovel":10,"minecraft:shears":1}},"DataVersion":3465}