{"stats":{"minecraft:killed":{"alexsmobs:raccoon":1,"minecraft:skeleton":1,"ars_nouveau:drygmy":1,"minecraft:iron_golem":2,"minecraft:sheep":5,"minecraft:zombie":1,"minecraft:villager":2},"minecraft:killed_by":{"minecraft:zombie":1},"minecraft:custom":{"minecraft:mob_kills":13,"minecraft:interact_with_crafting_table":16,"minecraft:open_barrel":3,"minecraft:leave_game":6,"minecraft:time_since_death":21880,"minecraft:climb_one_cm":1246,"minecraft:sprint_one_cm":373137,"minecraft:walk_one_cm":358633,"minecraft:drop":55,"minecraft:talked_to_villager":19,"minecraft:play_time":125114,"minecraft:deaths":1,"minecraft:sneak_time":2452,"minecraft:walk_under_water_one_cm":705,"minecraft:jump":2216,"minecraft:walk_on_water_one_cm":6629,"minecraft:total_world_time":125114,"minecraft:interact_with_furnace":8,"minecraft:sleep_in_bed":7,"minecraft:time_since_rest":6772,"minecraft:waystone_activated":1,"minecraft:damage_taken":1324,"minecraft:damage_dealt":4163,"minecraft:swim_one_cm":5762,"minecraft:fly_one_cm":365158,"minecraft:open_chest":35,"minecraft:crouch_one_cm":5299,"minecraft:fall_one_cm":49381},"minecraft:broken":{"minecraft:iron_shovel":3,"minecraft:wooden_shovel":1,"minecraft:stone_pickaxe":1,"minecraft:iron_pickaxe":1},"minecraft:crafted":{"minecraft:oak_planks":64,"minecraft:furnace":2,"minecraft:iron_axe":1,"minecraft:stone_pickaxe":2,"minecraft:chest":4,"minecraft:crafting_table":1,"minecraft:air":0,"minecraft:stick":24,"minecraft:iron_ingot":25,"minecraft:iron_pickaxe":2,"minecraft:iron_shovel":4},"minecraft:mined":{"minecraft:white_bed":7,"minecraft:cobblestone_stairs":3,"minecraft:spruce_fence":1,"biomesoplenty:bush":1,"minecraft:stone_button":1,"minecraft:grass_block":577,"biomesoplenty:flowering_oak_leaves":1,"minecraft:spruce_leaves":2,"minecraft:hay_block":1,"minecraft:oak_trapdoor":1,"minecraft:furnace":1,"minecraft:carrots":2,"minecraft:iron_ore":27,"biomesoplenty:lavender":27,"minecraft:moss_carpet":12,"minecraft:oak_stairs":1,"minecraft:stone":637,"minecraft:white_wool":2,"twigs:opaline_seashell":1,"biomesoplenty:jacaranda_leaves":2,"minecraft:infested_stone_bricks":1,"minecraft:stone_brick_slab":1,"minecraft:oak_fence":3,"minecraft:crafting_table":2,"vinery:red_grape_bush":2,"twigs:roseate_seashell":1,"minecraft:chest":2,"minecraft:rose_bush":8,"minecraft:campfire":1,"minecraft:tall_grass":18,"supplementaries:urn":1,"minecraft:wheat":32,"minecraft:stone_brick_stairs":1,"minecraft:grass":137,"minecraft:oak_log":17,"minecraft:coal_ore":6,"minecraft:beetroots":1,"minecraft:dirt":338,"mores:silver_ore":1,"minecraft:netherrack":1,"minecraft:oak_leaves":1},"minecraft:picked_up":{"minecraft:charcoal":2,"minecraft:crafting_table":2,"minecraft:wheat":30,"twigs:roseate_seashell":1,"minecraft:oak_stairs":1,"vinery:red_grape_seeds":4,"minecraft:stone_brick_stairs":1,"minecraft:moss_carpet":13,"biomesoplenty:tall_lavender":4,"minecraft:wooden_sword":1,"minecraft:armor_stand":4,"minecraft:item_frame":1,"twigs:opaline_seashell":1,"mysticalagriculture:inferium_essence":3,"minecraft:rose_bush":8,"minecraft:furnace":1,"minecraft:golden_helmet":3,"minecraft:raw_iron":25,"minecraft:stone_button":2,"blue_skies:horizonite_chestplate":1,"blue_skies:horizonite_helmet":2,"minecraft:rotten_flesh":2,"minecraft:hay_block":2,"supplementaries:ash":6,"minecraft:mutton":8,"minecraft:oxeye_daisy":2,"minecraft:white_wool":5,"minecraft:cobblestone":628,"biomesoplenty:lavender":90,"minecraft:golden_leggings":5,"minecraft:potato":2,"minecraft:oak_log":16,"minecraft:dirt":906,"blue_skies:horizonite_boots":1,"minecraft:bone":1,"minecraft:apple":7,"minecraft:wheat_seeds":55,"minecraft:iron_ingot":8,"minecraft:iron_sword":1,"blue_skies:horizonite_leggings":2,"minecraft:stone_brick_slab":1,"minecraft:dandelion":3,"minecraft:white_bed":7,"minecraft:gray_wool":1,"minecraft:spruce_sign":2,"mores:raw_silver":1,"minecraft:coal":6},"minecraft:dropped":{"minecraft:wheat_seeds":33,"minecraft:golden_helmet":3,"biomesoplenty:lavender":3,"minecraft:item_frame":1,"minecraft:stick":6,"minecraft:oxeye_daisy":2,"minecraft:dirt":439,"minecraft:gray_wool":1,"minecraft:stone_button":1,"minecraft:wooden_axe":1,"minecraft:wooden_sword":2,"blue_skies:horizonite_chestplate":1,"twigs:opaline_seashell":1,"blue_skies:horizonite_leggings":2,"minecraft:stone_brick_slab":1,"minecraft:dandelion":3,"minecraft:armor_stand":4,"vinery:red_grape_seeds":4,"minecraft:furnace":1,"twigs:roseate_seashell":1,"minecraft:rotten_flesh":2,"minecraft:glowstone_dust":2,"minecraft:white_bed":1,"blue_skies:horizonite_helmet":3,"supplementaries:ash":6,"minecraft:hay_block":1,"minecraft:charcoal":2,"mysticalagriculture:inferium_essence":1,"minecraft:golden_leggings":5,"mores:raw_silver":1,"minecraft:wooden_pickaxe":1,"minecraft:stone_pickaxe":1,"blue_skies:horizonite_boots":1,"minecraft:stone_brick_stairs":1},"minecraft:used":{"biomesoplenty:clover":4,"minecraft:netherite_sword":5,"minecraft:iron_shovel":907,"minecraft:spruce_slab":16,"minecraft:spruce_planks":14,"minecraft:chest":4,"minecraft:iron_sword":265,"minecraft:wooden_shovel":68,"blue_skies:horizonite_chestplate":1,"minecraft:dirt":144,"biomesoplenty:redwood_fence":19,"minecraft:spruce_stairs":6,"create:light_gray_seat":1,"minecraft:wooden_axe":85,"minecraft:lava_bucket":1,"minecraft:iron_axe":10,"minecraft:grass_block":7,"blue_skies:horizonite_boots":1,"minecraft:glowstone":4,"minecraft:furnace":2,"blue_skies:horizonite_leggings":1,"minecraft:water_bucket":3,"minecraft:stone_pickaxe":266,"minecraft:wooden_pickaxe":3,"minecraft:spruce_sign":15,"blue_skies:horizonite_helmet":1,"minecraft:crafting_table":3,"minecraft:white_bed":5,"minecraft:iron_pickaxe":424,"create:white_seat":4,"minecraft:golden_helmet":1,"minecraft:wooden_sword":54,"minecraft:cobblestone":68,"minecraft:cooked_porkchop":15,"minecraft:bucket":4,"minecraft:experience_bottle":2,"biomesoplenty:flowering_oak_leaves":10}},"DataVersion":3465}