{"stats":{"minecraft:mined":{"minecraft:spruce_planks":6,"botania:lime_mystical_flower":1,"minecraft:lilac":13,"biomesoplenty:lavender":7,"minecraft:grass":23,"biomesoplenty:bush":10,"minecraft:allium":15,"minecraft:grass_block":1,"minecraft:tall_grass":1},"minecraft:dropped":{"minecraft:dirt":1,"ars_nouveau:worn_notebook":2,"minecraft:wheat_seeds":11,"minecraft:allium":44,"minecraft:lilac":36,"alexsmobs:animal_dictionary":2,"biomesoplenty:lavender":17,"artifacts:eternal_steak":3,"minecraft:lime_dye":8,"patchouli:guide_book":2},"minecraft:crafted":{"minecraft:lime_dye":2,"botania:lime_petal":2},"minecraft:used":{"minecraft:spruce_planks":1,"artifacts:eternal_steak":8,"minecraft:dirt":1},"minecraft:killed_by":{"minecraft:player":2,"minecraft:zombie":1},"minecraft:custom":{"minecraft:time_since_rest":1221,"minecraft:sprint_one_cm":61732,"minecraft:damage_taken":1870,"minecraft:walk_one_cm":103163,"minecraft:drop":124,"minecraft:damage_dealt":984,"minecraft:player_kills":2,"minecraft:fly_one_cm":68672,"minecraft:crouch_one_cm":209,"minecraft:play_time":51969,"minecraft:deaths":3,"minecraft:sneak_time":130,"minecraft:jump":652,"minecraft:leave_game":1,"minecraft:time_since_death":1192,"minecraft:total_world_time":51969,"minecraft:fall_one_cm":14051},"minecraft:picked_up":{"biomesoplenty:lavender":17,"minecraft:lilac":36,"minecraft:allium":44,"artifacts:eternal_steak":4,"patchouli:guide_book":2,"alexsmobs:animal_dictionary":2,"minecraft:dirt":2,"minecraft:lime_dye":6,"botania:lime_mystical_flower":1,"minecraft:wheat_seeds":11,"ars_nouveau:worn_notebook":2,"minecraft:spruce_planks":4}},"DataVersion":3465}