{"stats":{"minecraft:crafted":{"minecraft:oak_planks":416,"minecraft:barrel":3,"minecraft:oak_sign":3,"minecraft:fishing_rod":1,"minecraft:oak_pressure_plate":14,"minecraft:furnace":2,"minecraft:bone_meal":27,"minecraft:cooked_mutton":9,"minecraft:iron_boots":3,"minecraft:iron_axe":1,"minecraft:iron_hoe":1,"minecraft:lime_dye":2,"minecraft:stone_pickaxe":2,"minecraft:chest":9,"biomesoplenty:jacaranda_sign":3,"minecraft:oak_fence":141,"minecraft:cooked_cod":40,"minecraft:oak_slab":48,"biomesoplenty:jacaranda_planks":20,"minecraft:crafting_table":1,"minecraft:iron_sword":1,"minecraft:cooked_salmon":8,"minecraft:hay_block":2,"farmersdelight:wheat_dough":3,"botania:lime_petal":2,"minecraft:air":0,"minecraft:oak_fence_gate":8,"minecraft:stick":176,"minecraft:iron_ingot":50,"minecraft:iron_pickaxe":7,"minecraft:iron_shovel":12,"minecraft:iron_leggings":3,"minecraft:shears":2},"minecraft:killed":{"alexsmobs:raccoon":1,"minecraft:spider":4,"minecraft:skeleton":3,"ars_nouveau:drygmy":1,"minecraft:iron_golem":2,"minecraft:sheep":6,"minecraft:pillager":1,"minecraft:zombie":4,"alexsmobs:gazelle":1,"minecraft:villager":2},"minecraft:used":{"minecraft:oak_fence":138,"biomesoplenty:clover":4,"minecraft:netherite_sword":5,"minecraft:rose_bush":4,"minecraft:iron_shovel":3293,"minecraft:tropical_fish":2,"minecraft:spruce_slab":16,"minecraft:oak_sign":4,"minecraft:chest":12,"minecraft:spruce_planks":14,"minecraft:iron_sword":604,"blue_skies:horizonite_chestplate":1,"minecraft:grass":10,"minecraft:cooked_salmon":8,"minecraft:wooden_shovel":68,"minecraft:torch":7,"minecraft:dirt":1394,"biomesoplenty:redwood_fence":19,"minecraft:spruce_stairs":6,"create:light_gray_seat":1,"minecraft:oak_fence_gate":12,"minecraft:iron_hoe":178,"shieldexp:wooden_shield":2,"minecraft:wooden_axe":85,"alexsmobs:maggot":1,"minecraft:lava_bucket":4,"minecraft:grass_block":7,"minecraft:iron_axe":158,"biomesoplenty:tall_lavender":1,"blue_skies:horizonite_boots":1,"minecraft:barrel":3,"minecraft:glowstone":4,"minecraft:hay_block":2,"minecraft:furnace":3,"minecraft:oak_sapling":5,"minecraft:cooked_cod":40,"minecraft:potato":20,"botania:white_mystical_flower":1,"minecraft:iron_leggings":1,"minecraft:cooked_mutton":9,"minecraft:wheat_seeds":134,"blue_skies:horizonite_leggings":1,"minecraft:water_bucket":114,"minecraft:stone_pickaxe":266,"minecraft:wooden_pickaxe":3,"minecraft:spruce_sign":15,"biomesoplenty:flowering_oak_sapling":2,"biomesoplenty:barley":80,"minecraft:oak_leaves":8,"blue_skies:horizonite_helmet":1,"minecraft:vine":1,"minecraft:oak_slab":53,"minecraft:crafting_table":4,"minecraft:white_bed":6,"minecraft:shears":118,"minecraft:apple":8,"minecraft:iron_pickaxe":1689,"minecraft:oak_pressure_plate":16,"minecraft:flowering_azalea_leaves":2,"create:white_seat":4,"minecraft:golden_helmet":1,"minecraft:fishing_rod":15,"minecraft:wooden_sword":54,"minecraft:cobblestone":93,"minecraft:cooked_porkchop":15,"minecraft:bucket":118,"biomesoplenty:jacaranda_sign":3,"minecraft:bone_meal":22,"minecraft:experience_bottle":8,"biomesoplenty:flowering_oak_leaves":28},"minecraft:broken":{"minecraft:golden_helmet":1,"minecraft:iron_shovel":11,"minecraft:wooden_shovel":1,"minecraft:shears":1,"minecraft:stone_pickaxe":1,"minecraft:iron_sword":1,"minecraft:iron_pickaxe":6},"minecraft:dropped":{"minecraft:water_bucket":1,"storagenetwork:inventory_remote":1,"minecraft:wheat_seeds":97,"minecraft:vine":12,"minecraft:golden_helmet":3,"biomesoplenty:lavender":5,"scalinghealth:heart_crystal_shard":1,"minecraft:cobblestone":84,"minecraft:granite":16,"minecraft:item_frame":3,"minecraft:stick":6,"minecraft:gray_wool":1,"minecraft:dirt":439,"minecraft:oxeye_daisy":2,"minecraft:stone_button":1,"minecraft:torch":5,"minecraft:wooden_axe":1,"biomesoplenty:flowering_oak_sapling":1,"minecraft:wooden_sword":2,"blue_skies:horizonite_leggings":3,"blue_skies:horizonite_chestplate":1,"minecraft:dandelion":3,"twigs:opaline_seashell":1,"minecraft:armor_stand":4,"vinery:red_grape_seeds":4,"minecraft:stone_brick_slab":1,"minecraft:furnace":1,"twigs:roseate_seashell":1,"minecraft:experience_bottle":2,"minecraft:rotten_flesh":2,"minecraft:iron_boots":2,"minecraft:glowstone_dust":8,"minecraft:white_bed":1,"blue_skies:horizonite_helmet":3,"supplementaries:flax_seeds":1,"supplementaries:ash":6,"vinery:savanna_grape_seeds_white":3,"minecraft:hay_block":1,"minecraft:charcoal":2,"mysticalagriculture:inferium_essence":1,"mores:raw_silver":1,"minecraft:golden_leggings":5,"minecraft:wooden_pickaxe":1,"minecraft:stone_pickaxe":1,"blue_skies:horizonite_boots":2,"minecraft:stone_brick_stairs":1,"biomesoplenty:tall_lavender":1},"minecraft:picked_up":{"vinery:savanna_grape_seeds_white":24,"minecraft:charcoal":2,"minecraft:crafting_table":3,"minecraft:wheat":114,"storagenetwork:inventory_remote":1,"minecraft:leather_leggings":1,"twigs:roseate_seashell":1,"vinery:red_grape_seeds":9,"minecraft:oak_stairs":1,"minecraft:stone_brick_stairs":1,"alexsmobs:gazelle_horn":1,"vinery:savanna_grape_seeds_red":9,"minecraft:raw_copper":16,"minecraft:moss_carpet":15,"minecraft:string":6,"biomesoplenty:tall_lavender":82,"minecraft:armor_stand":4,"minecraft:item_frame":3,"minecraft:wooden_sword":1,"minecraft:experience_bottle":3,"twigs:opaline_seashell":1,"minecraft:oak_sign":2,"mysticalagriculture:inferium_essence":8,"twigs:pebble":44,"minecraft:rose_bush":14,"minecraft:chest":4,"minecraft:sugar_cane":3,"minecraft:iron_boots":1,"minecraft:furnace":2,"minecraft:golden_helmet":3,"minecraft:raw_iron":53,"minecraft:oak_fence":7,"minecraft:torch":13,"minecraft:flowering_azalea_leaves":2,"sophisticatedbackpacks:backpack":1,"minecraft:stone_button":2,"minecraft:diorite":4,"minecraft:vine":16,"blue_skies:horizonite_chestplate":1,"mores:raw_tin":21,"botania:white_mystical_flower":1,"botania:lime_mystical_flower":1,"blue_skies:horizonite_helmet":2,"minecraft:arrow":9,"minecraft:rotten_flesh":6,"biomesoplenty:jacaranda_log":5,"minecraft:tropical_fish":2,"ars_nouveau:worn_notebook":1,"minecraft:hay_block":2,"biomesoplenty:barley":80,"supplementaries:ash":10,"minecraft:mutton":9,"minecraft:cod":40,"minecraft:oxeye_daisy":2,"minecraft:white_wool":40,"minecraft:cobblestone":3198,"biomesoplenty:jacaranda_sign":1,"biomesoplenty:lavender":943,"biomesoplenty:flowering_oak_leaves":25,"minecraft:water_bucket":3,"minecraft:andesite":168,"minecraft:salmon":8,"minecraft:golden_leggings":5,"minecraft:potato":20,"minecraft:flint":8,"scalinghealth:bandages":1,"minecraft:oak_log":104,"supplementaries:flax_seeds":1,"biomesoplenty:dune_grass":1,"minecraft:dirt":2817,"blue_skies:horizonite_boots":1,"minecraft:bone":11,"minecraft:apple":10,"minecraft:wheat_seeds":384,"minecraft:iron_ingot":8,"minecraft:oak_fence_gate":4,"securitycraft:universal_block_reinforcer_lvl1":1,"minecraft:glowstone_dust":6,"twigs:twig":10,"minecraft:oak_planks":2,"minecraft:iron_sword":1,"blue_skies:horizonite_leggings":2,"minecraft:oak_slab":13,"scalinghealth:heart_crystal_shard":2,"patchouli:guide_book":1,"minecraft:stone_brick_slab":1,"minecraft:dandelion":3,"minecraft:oak_pressure_plate":2,"minecraft:gravel":117,"minecraft:lava_bucket":1,"minecraft:sand":35,"minecraft:white_bed":8,"alexsmobs:animal_dictionary":1,"minecraft:spider_eye":1,"biomesoplenty:flowering_oak_sapling":3,"create:crimsite":1,"minecraft:granite":24,"minecraft:grass":31,"minecraft:gray_wool":1,"minecraft:spruce_sign":2,"minecraft:emerald":10,"alexsmobs:maggot":1,"mores:raw_silver":1,"minecraft:oak_sapling":9,"minecraft:coal":42,"minecraft:oak_leaves":50},"minecraft:killed_by":{"minecraft:zombie":3},"minecraft:mined":{"minecraft:white_bed":8,"minecraft:oak_sapling":1,"minecraft:farmland":2,"minecraft:cobblestone_stairs":3,"biomesoplenty:desert_grass":1,"minecraft:granite":8,"biomesoplenty:bush":1,"minecraft:stone_button":1,"minecraft:spruce_fence":1,"minecraft:grass_block":1540,"biomesoplenty:flowering_oak_leaves":58,"vinery:savanna_grape_bush_red":4,"minecraft:spruce_leaves":2,"minecraft:oak_wall_sign":1,"biomesoplenty:dune_grass":9,"minecraft:hay_block":1,"biomesoplenty:jacaranda_log":5,"biomesoplenty:tall_lavender":39,"minecraft:oak_trapdoor":1,"minecraft:carrots":2,"minecraft:glowstone":1,"minecraft:furnace":2,"minecraft:iron_ore":55,"biomesoplenty:lavender":344,"minecraft:andesite":84,"minecraft:moss_carpet":12,"biomesoplenty:sea_oats":8,"minecraft:potatoes":4,"minecraft:dirt_path":3,"minecraft:flowering_azalea_leaves":2,"minecraft:cobblestone_slab":1,"minecraft:vine":7,"minecraft:oak_stairs":1,"biomesoplenty:barley":144,"minecraft:stone":1718,"minecraft:white_wool":2,"twigs:opaline_seashell":1,"biomesoplenty:jacaranda_leaves":6,"minecraft:oak_slab":12,"botania:lime_mystical_flower":1,"minecraft:infested_stone_bricks":1,"minecraft:stone_brick_slab":1,"minecraft:oak_fence":10,"minecraft:crafting_table":3,"minecraft:torch":9,"vinery:red_grape_bush":4,"twigs:roseate_seashell":1,"minecraft:chest":6,"minecraft:rose_bush":8,"minecraft:campfire":1,"supplementaries:wild_flax":1,"minecraft:tall_grass":49,"minecraft:copper_ore":2,"vinery:savanna_grape_bush_white":9,"minecraft:sugar_cane":1,"minecraft:diorite":2,"mores:tin_ore":6,"minecraft:wall_torch":2,"supplementaries:urn":1,"minecraft:wheat":88,"minecraft:stone_brick_stairs":1,"minecraft:grass":537,"botania:white_mystical_flower":1,"minecraft:oak_log":105,"minecraft:coal_ore":43,"minecraft:beetroots":1,"minecraft:oak_fence_gate":4,"minecraft:gravel":78,"minecraft:sand":36,"minecraft:dirt":1244,"mores:silver_ore":3,"create:crimsite":1,"minecraft:netherrack":1,"biomesoplenty:jacaranda_wall_sign":1,"minecraft:oak_leaves":124},"minecraft:custom":{"minecraft:mob_kills":26,"minecraft:animals_bred":11,"minecraft:interact_with_crafting_table":89,"minecraft:open_barrel":3,"minecraft:damage_dealt_resisted":203,"minecraft:leave_game":13,"minecraft:time_since_death":81855,"minecraft:climb_one_cm":2328,"minecraft:sprint_one_cm":1603214,"minecraft:walk_one_cm":1802781,"minecraft:damage_blocked_by_shield":95,"minecraft:drop":147,"minecraft:talked_to_villager":42,"minecraft:play_time":556257,"minecraft:sneak_time":10752,"minecraft:deaths":3,"minecraft:walk_under_water_one_cm":16593,"minecraft:jump":7889,"minecraft:walk_on_water_one_cm":58721,"minecraft:total_world_time":556257,"minecraft:interact_with_furnace":46,"minecraft:traded_with_villager":6,"minecraft:sleep_in_bed":28,"minecraft:time_since_rest":6769,"minecraft:waystone_activated":1,"minecraft:damage_taken":4594,"minecraft:damage_dealt":6778,"minecraft:fly_one_cm":1527236,"minecraft:swim_one_cm":137862,"minecraft:open_chest":204,"minecraft:crouch_one_cm":26648,"minecraft:fish_caught":10,"minecraft:fall_one_cm":198825}},"DataVersion":3465}