{"stats":{"minecraft:crafted":{"minecraft:oak_planks":524,"minecraft:cobblestone_slab":6,"minecraft:oak_sign":3,"minecraft:barrel":3,"minecraft:oak_pressure_plate":14,"minecraft:cobblestone_stairs":4,"minecraft:cooked_mutton":9,"minecraft:iron_boots":3,"minecraft:chest":9,"biomesoplenty:jacaranda_sign":3,"minecraft:oak_fence":150,"minecraft:oak_slab":48,"biomesoplenty:jacaranda_planks":20,"minecraft:crafting_table":1,"minecraft:hay_block":2,"farmersdelight:wheat_dough":3,"botania:lime_petal":2,"minecraft:stick":188,"minecraft:iron_ingot":53,"minecraft:iron_pickaxe":7,"minecraft:shears":3,"minecraft:fishing_rod":1,"minecraft:furnace":2,"minecraft:bone_meal":66,"minecraft:iron_axe":1,"minecraft:iron_hoe":1,"minecraft:lime_dye":2,"minecraft:stone_pickaxe":2,"minecraft:cooked_cod":43,"minecraft:iron_sword":1,"minecraft:cooked_salmon":9,"minecraft:bread":3,"minecraft:air":0,"minecraft:oak_fence_gate":8,"minecraft:iron_shovel":13,"minecraft:iron_leggings":3},"minecraft:killed":{"minecraft:spider":4,"minecraft:skeleton":3,"minecraft:iron_golem":2,"minecraft:sheep":6,"minecraft:pillager":1,"minecraft:zombie":4,"alexsmobs:raccoon":1,"ars_nouveau:drygmy":1,"alexsmobs:gazelle":1,"minecraft:villager":2},"minecraft:used":{"minecraft:iron_shovel":3427,"minecraft:spruce_slab":16,"minecraft:oak_sign":4,"minecraft:chest":12,"minecraft:iron_sword":657,"minecraft:grass":23,"blue_skies:horizonite_chestplate":1,"biomesoplenty:redwood_fence":19,"minecraft:carrot":8,"minecraft:milk_bucket":1,"minecraft:lava_bucket":4,"minecraft:grass_block":7,"minecraft:hay_block":2,"minecraft:oak_sapling":5,"minecraft:furnace":3,"minecraft:cooked_cod":43,"minecraft:beetroot_seeds":4,"minecraft:potato":32,"botania:white_mystical_flower":1,"blue_skies:horizonite_leggings":1,"minecraft:stone_pickaxe":266,"minecraft:wooden_pickaxe":3,"biomesoplenty:flowering_oak_sapling":3,"biomesoplenty:barley":121,"minecraft:oak_leaves":12,"blue_skies:horizonite_helmet":1,"minecraft:shears":232,"minecraft:bread":3,"minecraft:oak_pressure_plate":16,"minecraft:flowering_azalea_leaves":2,"create:white_seat":4,"minecraft:golden_helmet":1,"minecraft:wooden_sword":54,"biomesoplenty:jacaranda_sign":3,"minecraft:bone_meal":30,"minecraft:experience_bottle":8,"biomesoplenty:flowering_oak_leaves":34,"minecraft:oak_fence":152,"biomesoplenty:clover":4,"minecraft:netherite_sword":5,"minecraft:rose_bush":4,"minecraft:tropical_fish":2,"minecraft:spruce_planks":14,"minecraft:wooden_shovel":68,"minecraft:cooked_salmon":9,"minecraft:torch":7,"minecraft:dirt":1451,"minecraft:spruce_stairs":6,"create:light_gray_seat":1,"minecraft:oak_fence_gate":12,"minecraft:iron_hoe":189,"minecraft:wooden_axe":85,"alexsmobs:maggot":1,"shieldexp:wooden_shield":2,"minecraft:iron_axe":225,"biomesoplenty:tall_lavender":1,"blue_skies:horizonite_boots":1,"minecraft:barrel":3,"minecraft:glowstone":4,"minecraft:iron_leggings":1,"minecraft:wheat_seeds":145,"minecraft:cooked_mutton":9,"minecraft:water_bucket":117,"minecraft:cobblestone_stairs":1,"minecraft:spruce_sign":15,"minecraft:cobblestone_slab":4,"minecraft:vine":1,"minecraft:oak_slab":55,"minecraft:crafting_table":4,"minecraft:white_bed":6,"minecraft:apple":8,"minecraft:iron_pickaxe":1742,"minecraft:fishing_rod":25,"minecraft:cobblestone":95,"minecraft:cooked_porkchop":15,"minecraft:bucket":121,"minecraft:dandelion":3},"minecraft:broken":{"minecraft:golden_helmet":1,"minecraft:iron_shovel":12,"minecraft:wooden_shovel":1,"minecraft:shears":2,"minecraft:stone_pickaxe":1,"minecraft:iron_sword":1,"minecraft:iron_pickaxe":6},"minecraft:dropped":{"storagenetwork:inventory_remote":1,"minecraft:item_frame":3,"minecraft:dirt":460,"minecraft:stone_button":1,"biomesoplenty:flowering_oak_sapling":1,"minecraft:wooden_sword":2,"minecraft:white_wool":96,"twigs:twig":4,"minecraft:armor_stand":4,"vinery:red_grape_seeds":4,"hangglider:hang_glider":1,"minecraft:beetroot":1,"minecraft:rotten_flesh":2,"minecraft:glowstone_dust":8,"minecraft:white_bed":1,"blue_skies:horizonite_helmet":3,"supplementaries:flax_seeds":1,"supplementaries:ash":6,"vinery:savanna_grape_seeds_white":3,"minecraft:charcoal":2,"mysticalagriculture:inferium_essence":2,"blue_skies:horizonite_boots":2,"minecraft:stone_brick_stairs":1,"biomesoplenty:tall_lavender":1,"minecraft:water_bucket":1,"minecraft:vine":12,"minecraft:wheat_seeds":97,"minecraft:golden_helmet":3,"biomesoplenty:lavender":5,"minecraft:cobblestone":84,"scalinghealth:heart_crystal_shard":1,"minecraft:granite":16,"minecraft:stick":6,"minecraft:oxeye_daisy":2,"minecraft:gray_wool":1,"minecraft:torch":5,"minecraft:wooden_axe":1,"blue_skies:horizonite_chestplate":1,"twigs:opaline_seashell":1,"blue_skies:horizonite_leggings":3,"minecraft:stone_brick_slab":1,"minecraft:dandelion":3,"minecraft:furnace":1,"twigs:roseate_seashell":1,"minecraft:experience_bottle":2,"minecraft:iron_boots":2,"minecraft:hay_block":1,"minecraft:golden_leggings":5,"mores:raw_silver":1,"minecraft:stone_pickaxe":1,"minecraft:wooden_pickaxe":1},"minecraft:picked_up":{"minecraft:wheat":114,"storagenetwork:inventory_remote":1,"twigs:roseate_seashell":1,"minecraft:lead":1,"minecraft:oak_stairs":1,"vinery:red_grape_seeds":9,"minecraft:stone_brick_stairs":1,"vinery:savanna_grape_seeds_red":9,"alexsmobs:gazelle_horn":1,"minecraft:string":6,"minecraft:raw_copper":16,"minecraft:armor_stand":4,"biomesoplenty:tall_lavender":82,"minecraft:pufferfish":2,"minecraft:experience_bottle":3,"minecraft:oak_sign":2,"minecraft:beetroot":1,"mysticalagriculture:inferium_essence":8,"twigs:pebble":44,"minecraft:rose_bush":14,"minecraft:cobblestone_slab":1,"hangglider:hang_glider":1,"minecraft:iron_boots":1,"minecraft:furnace":2,"minecraft:golden_helmet":3,"minecraft:oak_fence":8,"minecraft:torch":13,"minecraft:diorite":4,"minecraft:vine":16,"mores:raw_tin":21,"botania:white_mystical_flower":1,"minecraft:rotten_flesh":6,"minecraft:tropical_fish":2,"artifacts:villager_hat":1,"ars_nouveau:worn_notebook":1,"biomesoplenty:barley":154,"supplementaries:ash":10,"minecraft:cod":45,"biomesoplenty:lavender":960,"minecraft:cobblestone":3250,"biomesoplenty:jacaranda_sign":1,"biomesoplenty:flowering_oak_leaves":49,"minecraft:water_bucket":3,"minecraft:andesite":168,"minecraft:golden_leggings":5,"minecraft:potato":28,"minecraft:flint":8,"supplementaries:flax_seeds":1,"minecraft:dirt":2894,"blue_skies:horizonite_boots":1,"minecraft:bone":23,"minecraft:wheat_seeds":392,"minecraft:glowstone_dust":6,"twigs:twig":16,"minecraft:oak_planks":2,"patchouli:guide_book":1,"minecraft:oak_pressure_plate":2,"minecraft:sand":35,"alexsmobs:animal_dictionary":1,"create:crimsite":1,"minecraft:granite":24,"minecraft:grass":51,"minecraft:spruce_sign":2,"alexsmobs:maggot":1,"minecraft:emerald":10,"minecraft:oak_sapling":11,"mores:raw_silver":1,"minecraft:oak_leaves":109,"vinery:savanna_grape_seeds_white":24,"minecraft:charcoal":2,"minecraft:crafting_table":3,"minecraft:leather_leggings":1,"minecraft:moss_carpet":15,"minecraft:wooden_sword":1,"minecraft:item_frame":3,"botania:magenta_mystical_flower":3,"twigs:opaline_seashell":1,"minecraft:poppy":4,"minecraft:sugar_cane":3,"minecraft:chest":4,"minecraft:raw_iron":53,"minecraft:flowering_azalea_leaves":2,"sophisticatedbackpacks:backpack":1,"minecraft:stone_button":2,"blue_skies:horizonite_chestplate":1,"blue_skies:horizonite_helmet":2,"minecraft:arrow":9,"botania:lime_mystical_flower":1,"biomesoplenty:jacaranda_log":5,"minecraft:beetroot_seeds":4,"minecraft:peony":6,"minecraft:shears":1,"minecraft:hay_block":2,"minecraft:mutton":9,"minecraft:white_wool":109,"minecraft:oxeye_daisy":5,"minecraft:salmon":10,"minecraft:leather":1,"minecraft:oak_log":135,"biomesoplenty:dune_grass":1,"scalinghealth:bandages":1,"minecraft:apple":10,"minecraft:oak_fence_gate":4,"minecraft:iron_ingot":8,"securitycraft:universal_block_reinforcer_lvl1":1,"minecraft:iron_sword":1,"blue_skies:horizonite_leggings":2,"minecraft:oak_slab":13,"scalinghealth:heart_crystal_shard":2,"minecraft:stone_brick_slab":1,"minecraft:dandelion":6,"minecraft:gravel":117,"minecraft:lava_bucket":1,"minecraft:white_bed":8,"minecraft:spider_eye":1,"biomesoplenty:flowering_oak_sapling":4,"botania:orange_mystical_flower":3,"minecraft:gray_wool":1,"minecraft:coal":42},"minecraft:killed_by":{"minecraft:zombie":3,"minecraft:player":1},"minecraft:mined":{"minecraft:white_bed":8,"minecraft:oak_sapling":1,"minecraft:farmland":2,"minecraft:cobblestone_stairs":3,"minecraft:granite":8,"minecraft:grass_block":1565,"biomesoplenty:flowering_oak_leaves":103,"vinery:savanna_grape_bush_red":4,"minecraft:oak_wall_sign":1,"minecraft:oxeye_daisy":3,"biomesoplenty:tall_lavender":39,"minecraft:glowstone":1,"minecraft:iron_ore":55,"biomesoplenty:lavender":356,"minecraft:moss_carpet":12,"minecraft:flowering_azalea_leaves":2,"minecraft:dirt_path":3,"minecraft:oak_stairs":1,"biomesoplenty:jacaranda_leaves":7,"botania:orange_mystical_flower":3,"minecraft:torch":9,"vinery:red_grape_bush":4,"minecraft:poppy":4,"minecraft:chest":6,"supplementaries:wild_flax":1,"vinery:savanna_grape_bush_white":9,"minecraft:sugar_cane":1,"minecraft:wall_torch":2,"minecraft:wheat":88,"minecraft:stone_brick_stairs":1,"minecraft:grass":562,"minecraft:oak_log":137,"minecraft:beetroots":2,"minecraft:oak_fence_gate":4,"minecraft:sand":36,"minecraft:dirt":1295,"mores:silver_ore":3,"minecraft:netherrack":1,"create:crimsite":1,"minecraft:oak_leaves":255,"biomesoplenty:desert_grass":1,"biomesoplenty:bush":1,"minecraft:stone_button":1,"minecraft:spruce_fence":1,"minecraft:spruce_leaves":2,"biomesoplenty:dune_grass":9,"minecraft:hay_block":1,"biomesoplenty:jacaranda_log":5,"botania:magenta_mystical_flower":3,"minecraft:oak_trapdoor":1,"minecraft:furnace":2,"minecraft:carrots":2,"minecraft:andesite":84,"minecraft:peony":6,"biomesoplenty:sea_oats":8,"minecraft:potatoes":6,"minecraft:cobblestone_slab":2,"minecraft:vine":8,"biomesoplenty:barley":238,"minecraft:stone":1770,"minecraft:white_wool":2,"twigs:opaline_seashell":1,"minecraft:oak_slab":12,"botania:lime_mystical_flower":1,"minecraft:infested_stone_bricks":1,"minecraft:stone_brick_slab":1,"minecraft:dandelion":3,"minecraft:oak_fence":11,"minecraft:crafting_table":3,"twigs:roseate_seashell":1,"minecraft:rose_bush":8,"minecraft:campfire":1,"minecraft:copper_ore":2,"minecraft:tall_grass":53,"minecraft:diorite":2,"mores:tin_ore":6,"supplementaries:urn":1,"botania:white_mystical_flower":1,"minecraft:coal_ore":43,"minecraft:gravel":78,"biomesoplenty:jacaranda_wall_sign":1},"minecraft:custom":{"minecraft:animals_bred":11,"minecraft:interact_with_crafting_table":97,"minecraft:open_barrel":8,"minecraft:leave_game":13,"minecraft:time_since_death":45011,"minecraft:sprint_one_cm":1839712,"minecraft:damage_blocked_by_shield":95,"minecraft:drop":217,"minecraft:talked_to_villager":42,"minecraft:play_time":634257,"minecraft:deaths":4,"minecraft:jump":8924,"minecraft:walk_on_water_one_cm":66869,"minecraft:interact_with_furnace":55,"minecraft:traded_with_villager":6,"minecraft:sleep_in_bed":31,"minecraft:waystone_activated":1,"minecraft:damage_dealt":6778,"minecraft:player_kills":1,"minecraft:crouch_one_cm":30712,"minecraft:mob_kills":26,"minecraft:damage_dealt_resisted":203,"minecraft:climb_one_cm":12776,"minecraft:walk_one_cm":1997252,"minecraft:sneak_time":13004,"minecraft:walk_under_water_one_cm":24763,"minecraft:total_world_time":634257,"minecraft:time_since_rest":15728,"minecraft:damage_taken":4997,"minecraft:swim_one_cm":149799,"minecraft:fly_one_cm":1757898,"minecraft:open_chest":248,"minecraft:fish_caught":19,"minecraft:fall_one_cm":222648}},"DataVersion":3465}