{"stats":{"minecraft:mined":{"minecraft:allium":15,"minecraft:grass":6,"biomesoplenty:bush":6,"minecraft:grass_block":1,"botania:lime_mystical_flower":1,"biomesoplenty:lavender":7,"minecraft:lilac":13},"minecraft:dropped":{"minecraft:dirt":1,"ars_nouveau:worn_notebook":2,"minecraft:lime_dye":8,"minecraft:wheat_seeds":5,"minecraft:allium":30,"minecraft:lilac":36,"alexsmobs:animal_dictionary":1,"patchouli:guide_book":2,"biomesoplenty:lavender":10,"artifacts:eternal_steak":2},"minecraft:used":{"artifacts:eternal_steak":4},"minecraft:crafted":{"botania:lime_petal":2,"minecraft:lime_dye":2},"minecraft:custom":{"minecraft:time_since_rest":25202,"minecraft:crouch_one_cm":130,"minecraft:play_time":25202,"minecraft:sprint_one_cm":55777,"minecraft:damage_taken":425,"minecraft:walk_one_cm":66925,"minecraft:sneak_time":74,"minecraft:drop":95,"minecraft:jump":470,"minecraft:damage_dealt":20,"minecraft:time_since_death":25202,"minecraft:total_world_time":25202,"minecraft:fall_one_cm":11398,"minecraft:fly_one_cm":62081},"minecraft:picked_up":{"minecraft:allium":44,"minecraft:lime_dye":6,"artifacts:eternal_steak":3,"botania:lime_mystical_flower":1,"patchouli:guide_book":2,"minecraft:wheat_seeds":5,"ars_nouveau:worn_notebook":2,"biomesoplenty:lavender":17,"minecraft:dirt":2,"alexsmobs:animal_dictionary":1,"minecraft:lilac":36}},"DataVersion":3465}