{"stats":{"minecraft:dropped":{"twigs:roseate_seashell":1,"supplementaries:ash":6,"mores:raw_silver":1},"minecraft:custom":{"minecraft:mob_kills":2,"minecraft:interact_with_crafting_table":1,"minecraft:open_barrel":3,"minecraft:leave_game":3,"minecraft:time_since_death":28634,"minecraft:time_since_rest":28634,"minecraft:sprint_one_cm":56474,"minecraft:damage_taken":438,"minecraft:walk_one_cm":87252,"minecraft:drop":3,"minecraft:damage_dealt":524,"minecraft:swim_one_cm":1225,"minecraft:talked_to_villager":1,"minecraft:fly_one_cm":65511,"minecraft:open_chest":2,"minecraft:crouch_one_cm":3363,"minecraft:play_time":28634,"minecraft:sneak_time":1172,"minecraft:walk_under_water_one_cm":212,"minecraft:jump":751,"minecraft:walk_on_water_one_cm":1463,"minecraft:total_world_time":28634,"minecraft:fall_one_cm":7611},"minecraft:killed":{"ars_nouveau:drygmy":1,"minecraft:zombie":1},"minecraft:mined":{"minecraft:infested_stone_bricks":1,"minecraft:stone_brick_slab":1,"minecraft:crafting_table":1,"vinery:red_grape_bush":2,"twigs:roseate_seashell":1,"minecraft:rose_bush":8,"biomesoplenty:flowering_oak_leaves":1,"minecraft:campfire":1,"supplementaries:urn":1,"minecraft:hay_block":1,"minecraft:iron_ore":27,"biomesoplenty:lavender":2,"minecraft:moss_carpet":12,"minecraft:stone_brick_stairs":1,"minecraft:grass":10,"minecraft:oak_log":11,"mores:silver_ore":1,"minecraft:stone":49,"twigs:opaline_seashell":1,"minecraft:oak_leaves":1},"minecraft:crafted":{"minecraft:oak_planks":44,"minecraft:crafting_table":1,"minecraft:stick":8,"minecraft:stone_pickaxe":1},"minecraft:used":{"biomesoplenty:clover":4,"blue_skies:horizonite_leggings":1,"minecraft:water_bucket":3,"minecraft:netherite_sword":5,"minecraft:spruce_slab":16,"minecraft:stone_pickaxe":85,"minecraft:spruce_planks":14,"minecraft:wooden_pickaxe":3,"minecraft:spruce_sign":15,"blue_skies:horizonite_chestplate":1,"blue_skies:horizonite_helmet":1,"minecraft:dirt":2,"minecraft:crafting_table":1,"biomesoplenty:redwood_fence":19,"minecraft:spruce_stairs":6,"create:light_gray_seat":1,"minecraft:wooden_axe":37,"minecraft:lava_bucket":1,"minecraft:grass_block":7,"blue_skies:horizonite_boots":1,"create:white_seat":4,"minecraft:glowstone":4,"minecraft:wooden_sword":38,"minecraft:cobblestone":19,"minecraft:cooked_porkchop":2,"minecraft:bucket":4,"biomesoplenty:flowering_oak_leaves":10},"minecraft:picked_up":{"biomesoplenty:lavender":1,"minecraft:charcoal":2,"minecraft:crafting_table":1,"twigs:roseate_seashell":1,"vinery:red_grape_seeds":4,"minecraft:stone_brick_stairs":1,"minecraft:oak_log":11,"minecraft:moss_carpet":11,"twigs:opaline_seashell":1,"minecraft:apple":6,"minecraft:rose_bush":8,"minecraft:raw_iron":25,"minecraft:stone_brick_slab":1,"minecraft:rotten_flesh":2,"minecraft:hay_block":1,"minecraft:spruce_sign":2,"supplementaries:ash":6,"mores:raw_silver":1,"minecraft:cobblestone":49}},"DataVersion":3465}