{"stats":{"minecraft:picked_up":{"minecraft:charcoal":2,"minecraft:crafting_table":1,"minecraft:raw_iron":7,"twigs:roseate_seashell":1,"minecraft:oak_log":11,"minecraft:moss_carpet":11,"twigs:opaline_seashell":1,"minecraft:rotten_flesh":2,"minecraft:hay_block":1,"minecraft:rose_bush":8,"minecraft:spruce_sign":2,"supplementaries:ash":6,"mores:raw_silver":1,"minecraft:cobblestone":6},"minecraft:killed":{"minecraft:zombie":1,"ars_nouveau:drygmy":1},"minecraft:custom":{"minecraft:time_since_rest":17393,"minecraft:sprint_one_cm":32625,"minecraft:damage_taken":224,"minecraft:walk_one_cm":54199,"minecraft:mob_kills":2,"minecraft:damage_dealt":464,"minecraft:swim_one_cm":1225,"minecraft:interact_with_crafting_table":1,"minecraft:fly_one_cm":40663,"minecraft:open_barrel":3,"minecraft:open_chest":1,"minecraft:crouch_one_cm":1737,"minecraft:play_time":17393,"minecraft:sneak_time":585,"minecraft:walk_under_water_one_cm":212,"minecraft:jump":557,"minecraft:leave_game":2,"minecraft:walk_on_water_one_cm":541,"minecraft:time_since_death":17393,"minecraft:total_world_time":17393,"minecraft:fall_one_cm":4594},"minecraft:used":{"biomesoplenty:clover":4,"minecraft:wooden_axe":37,"blue_skies:horizonite_leggings":1,"minecraft:netherite_sword":5,"minecraft:grass_block":7,"minecraft:spruce_slab":16,"minecraft:stone_pickaxe":14,"minecraft:spruce_planks":14,"minecraft:wooden_pickaxe":3,"blue_skies:horizonite_boots":1,"minecraft:spruce_sign":15,"create:white_seat":4,"minecraft:wooden_sword":27,"blue_skies:horizonite_chestplate":1,"minecraft:glowstone":4,"blue_skies:horizonite_helmet":1,"minecraft:dirt":2,"minecraft:crafting_table":1,"biomesoplenty:redwood_fence":19,"minecraft:spruce_stairs":6,"create:light_gray_seat":1,"biomesoplenty:flowering_oak_leaves":10},"minecraft:mined":{"supplementaries:urn":1,"minecraft:hay_block":1,"minecraft:iron_ore":9,"minecraft:moss_carpet":12,"minecraft:crafting_table":1,"minecraft:grass":2,"minecraft:oak_log":11,"twigs:roseate_seashell":1,"minecraft:rose_bush":8,"biomesoplenty:flowering_oak_leaves":1,"minecraft:campfire":1,"mores:silver_ore":1,"minecraft:stone":6,"minecraft:oak_leaves":1,"twigs:opaline_seashell":1},"minecraft:crafted":{"minecraft:oak_planks":44,"minecraft:crafting_table":1,"minecraft:stick":8,"minecraft:stone_pickaxe":1}},"DataVersion":3465}