{"stats":{"minecraft:dropped":{"alexsmobs:animal_dictionary":1,"ars_nouveau:worn_notebook":2,"patchouli:guide_book":2,"artifacts:eternal_steak":2},"minecraft:used":{"artifacts:eternal_steak":2},"minecraft:custom":{"minecraft:jump":271,"minecraft:time_since_rest":13202,"minecraft:damage_dealt":20,"minecraft:crouch_one_cm":68,"minecraft:sprint_one_cm":24048,"minecraft:play_time":13202,"minecraft:damage_taken":160,"minecraft:time_since_death":13202,"minecraft:walk_one_cm":35554,"minecraft:sneak_time":52,"minecraft:total_world_time":13202,"minecraft:drop":7,"minecraft:fall_one_cm":7023,"minecraft:fly_one_cm":29447},"minecraft:picked_up":{"artifacts:eternal_steak":3,"patchouli:guide_book":2,"ars_nouveau:worn_notebook":2,"alexsmobs:animal_dictionary":1}},"DataVersion":3465}