{"stats":{"minecraft:picked_up":{"vinery:savanna_grape_seeds_white":3,"minecraft:charcoal":2,"minecraft:crafting_table":3,"minecraft:wheat":60,"twigs:roseate_seashell":1,"vinery:red_grape_seeds":4,"minecraft:oak_stairs":1,"minecraft:stone_brick_stairs":1,"minecraft:item_frame":3,"minecraft:string":4,"minecraft:moss_carpet":15,"minecraft:raw_copper":16,"minecraft:wooden_sword":1,"minecraft:armor_stand":4,"biomesoplenty:tall_lavender":59,"minecraft:experience_bottle":3,"twigs:opaline_seashell":1,"mysticalagriculture:inferium_essence":6,"twigs:pebble":44,"minecraft:rose_bush":14,"minecraft:sugar_cane":3,"minecraft:chest":4,"minecraft:iron_boots":1,"minecraft:furnace":2,"minecraft:golden_helmet":3,"minecraft:raw_iron":50,"minecraft:oak_fence":1,"minecraft:torch":13,"minecraft:flowering_azalea_leaves":2,"minecraft:stone_button":2,"minecraft:diorite":4,"minecraft:vine":4,"blue_skies:horizonite_chestplate":1,"mores:raw_tin":21,"blue_skies:horizonite_helmet":2,"minecraft:arrow":8,"minecraft:rotten_flesh":3,"botania:lime_mystical_flower":1,"minecraft:tropical_fish":1,"ars_nouveau:worn_notebook":1,"minecraft:hay_block":2,"biomesoplenty:barley":80,"supplementaries:ash":7,"minecraft:mutton":8,"minecraft:cod":35,"minecraft:white_wool":27,"minecraft:cobblestone":3190,"minecraft:oxeye_daisy":2,"biomesoplenty:lavender":811,"biomesoplenty:flowering_oak_leaves":25,"minecraft:andesite":168,"minecraft:water_bucket":3,"minecraft:salmon":4,"minecraft:golden_leggings":5,"minecraft:potato":4,"minecraft:flint":8,"scalinghealth:bandages":1,"minecraft:oak_log":59,"supplementaries:flax_seeds":1,"biomesoplenty:dune_grass":1,"minecraft:dirt":2456,"blue_skies:horizonite_boots":1,"minecraft:bone":10,"minecraft:apple":9,"minecraft:wheat_seeds":198,"minecraft:iron_ingot":8,"securitycraft:universal_block_reinforcer_lvl1":1,"minecraft:glowstone_dust":6,"twigs:twig":9,"minecraft:iron_sword":1,"minecraft:oak_planks":2,"blue_skies:horizonite_leggings":2,"minecraft:oak_slab":7,"patchouli:guide_book":1,"minecraft:stone_brick_slab":1,"minecraft:dandelion":3,"minecraft:gravel":117,"minecraft:lava_bucket":1,"minecraft:sand":35,"minecraft:white_bed":8,"minecraft:spider_eye":1,"alexsmobs:animal_dictionary":1,"biomesoplenty:flowering_oak_sapling":2,"minecraft:granite":24,"minecraft:grass":31,"minecraft:gray_wool":1,"minecraft:spruce_sign":2,"minecraft:emerald":9,"alexsmobs:maggot":1,"minecraft:oak_sapling":6,"mores:raw_silver":1,"minecraft:coal":42,"minecraft:oak_leaves":50},"minecraft:killed_by":{"minecraft:zombie":2},"minecraft:dropped":{"minecraft:water_bucket":1,"minecraft:wheat_seeds":60,"minecraft:golden_helmet":3,"biomesoplenty:lavender":3,"minecraft:cobblestone":84,"minecraft:granite":16,"minecraft:item_frame":3,"minecraft:stick":6,"minecraft:oxeye_daisy":2,"minecraft:dirt":439,"minecraft:gray_wool":1,"minecraft:stone_button":1,"minecraft:torch":5,"minecraft:wooden_axe":1,"biomesoplenty:flowering_oak_sapling":1,"minecraft:wooden_sword":2,"blue_skies:horizonite_chestplate":1,"twigs:opaline_seashell":1,"blue_skies:horizonite_leggings":3,"minecraft:dandelion":3,"minecraft:armor_stand":4,"minecraft:stone_brick_slab":1,"vinery:red_grape_seeds":4,"minecraft:furnace":1,"twigs:roseate_seashell":1,"minecraft:experience_bottle":2,"minecraft:rotten_flesh":2,"minecraft:iron_boots":2,"minecraft:glowstone_dust":8,"minecraft:white_bed":1,"blue_skies:horizonite_helmet":3,"supplementaries:flax_seeds":1,"supplementaries:ash":6,"vinery:savanna_grape_seeds_white":3,"minecraft:hay_block":1,"minecraft:charcoal":2,"mysticalagriculture:inferium_essence":1,"mores:raw_silver":1,"minecraft:golden_leggings":5,"minecraft:wooden_pickaxe":1,"minecraft:stone_pickaxe":1,"blue_skies:horizonite_boots":2,"minecraft:stone_brick_stairs":1},"minecraft:mined":{"minecraft:white_bed":8,"minecraft:farmland":1,"minecraft:cobblestone_stairs":3,"biomesoplenty:desert_grass":1,"minecraft:spruce_fence":1,"minecraft:granite":8,"minecraft:grass_block":1358,"biomesoplenty:bush":1,"minecraft:stone_button":1,"biomesoplenty:flowering_oak_leaves":35,"minecraft:spruce_leaves":2,"biomesoplenty:dune_grass":9,"minecraft:hay_block":1,"biomesoplenty:tall_lavender":19,"minecraft:oak_trapdoor":1,"minecraft:glowstone":1,"minecraft:carrots":2,"minecraft:furnace":2,"minecraft:iron_ore":52,"biomesoplenty:lavender":243,"minecraft:andesite":84,"minecraft:moss_carpet":12,"biomesoplenty:sea_oats":8,"minecraft:dirt_path":2,"minecraft:cobblestone_slab":1,"minecraft:flowering_azalea_leaves":2,"minecraft:vine":5,"minecraft:oak_stairs":1,"biomesoplenty:barley":135,"minecraft:stone":1709,"minecraft:white_wool":2,"twigs:opaline_seashell":1,"minecraft:oak_slab":7,"biomesoplenty:jacaranda_leaves":2,"botania:lime_mystical_flower":1,"minecraft:infested_stone_bricks":1,"minecraft:stone_brick_slab":1,"minecraft:oak_fence":4,"minecraft:crafting_table":3,"minecraft:torch":9,"vinery:red_grape_bush":2,"twigs:roseate_seashell":1,"minecraft:chest":6,"minecraft:rose_bush":8,"minecraft:campfire":1,"supplementaries:wild_flax":1,"minecraft:tall_grass":34,"minecraft:copper_ore":2,"vinery:savanna_grape_bush_white":1,"minecraft:sugar_cane":1,"minecraft:diorite":2,"mores:tin_ore":6,"minecraft:wall_torch":2,"supplementaries:urn":1,"minecraft:wheat":33,"minecraft:stone_brick_stairs":1,"minecraft:grass":331,"minecraft:oak_log":60,"minecraft:coal_ore":43,"minecraft:beetroots":1,"minecraft:gravel":78,"minecraft:sand":36,"minecraft:dirt":1062,"mores:silver_ore":3,"minecraft:netherrack":1,"minecraft:oak_leaves":113},"minecraft:killed":{"alexsmobs:raccoon":1,"minecraft:spider":2,"minecraft:skeleton":3,"ars_nouveau:drygmy":1,"minecraft:iron_golem":2,"minecraft:sheep":5,"minecraft:zombie":1,"minecraft:villager":2},"minecraft:crafted":{"minecraft:oak_planks":236,"minecraft:barrel":3,"minecraft:oak_sign":3,"minecraft:oak_pressure_plate":5,"minecraft:furnace":2,"minecraft:bone_meal":6,"minecraft:cooked_mutton":8,"minecraft:iron_boots":3,"minecraft:iron_axe":1,"minecraft:iron_hoe":1,"minecraft:lime_dye":2,"minecraft:stone_pickaxe":2,"minecraft:chest":9,"minecraft:oak_fence":48,"minecraft:cooked_cod":35,"minecraft:oak_slab":24,"minecraft:crafting_table":1,"minecraft:iron_sword":1,"minecraft:hay_block":2,"botania:lime_petal":2,"farmersdelight:wheat_dough":3,"minecraft:air":0,"minecraft:oak_fence_gate":2,"minecraft:stick":98,"minecraft:iron_pickaxe":7,"minecraft:iron_ingot":49,"minecraft:iron_shovel":10,"minecraft:iron_leggings":3,"minecraft:shears":1},"minecraft:custom":{"minecraft:mob_kills":17,"minecraft:animals_bred":2,"minecraft:interact_with_crafting_table":67,"minecraft:open_barrel":3,"minecraft:leave_game":10,"minecraft:time_since_death":189127,"minecraft:climb_one_cm":2133,"minecraft:sprint_one_cm":1200545,"minecraft:walk_one_cm":1157175,"minecraft:drop":138,"minecraft:talked_to_villager":42,"minecraft:play_time":401379,"minecraft:deaths":2,"minecraft:sneak_time":9759,"minecraft:walk_under_water_one_cm":14272,"minecraft:jump":6691,"minecraft:walk_on_water_one_cm":51704,"minecraft:total_world_time":401379,"minecraft:interact_with_furnace":25,"minecraft:traded_with_villager":6,"minecraft:sleep_in_bed":20,"minecraft:time_since_rest":8570,"minecraft:waystone_activated":1,"minecraft:damage_taken":3343,"minecraft:damage_dealt":5167,"minecraft:swim_one_cm":137309,"minecraft:fly_one_cm":1277022,"minecraft:open_chest":150,"minecraft:crouch_one_cm":24956,"minecraft:fall_one_cm":171987},"minecraft:used":{"minecraft:oak_fence":44,"biomesoplenty:clover":4,"minecraft:netherite_sword":5,"minecraft:iron_shovel":2684,"minecraft:spruce_slab":16,"minecraft:oak_sign":3,"minecraft:chest":12,"minecraft:spruce_planks":14,"minecraft:iron_sword":444,"blue_skies:horizonite_chestplate":1,"minecraft:wooden_shovel":68,"minecraft:torch":7,"minecraft:dirt":1376,"biomesoplenty:redwood_fence":19,"minecraft:spruce_stairs":6,"create:light_gray_seat":1,"minecraft:oak_fence_gate":2,"minecraft:iron_hoe":89,"minecraft:wooden_axe":85,"minecraft:lava_bucket":2,"minecraft:grass_block":7,"minecraft:iron_axe":75,"blue_skies:horizonite_boots":1,"minecraft:barrel":3,"minecraft:glowstone":4,"minecraft:hay_block":2,"minecraft:furnace":3,"minecraft:oak_sapling":2,"minecraft:cooked_cod":35,"minecraft:potato":3,"minecraft:iron_leggings":1,"minecraft:wheat_seeds":61,"minecraft:cooked_mutton":8,"blue_skies:horizonite_leggings":1,"minecraft:water_bucket":89,"minecraft:stone_pickaxe":266,"minecraft:wooden_pickaxe":3,"biomesoplenty:flowering_oak_sapling":1,"minecraft:spruce_sign":15,"biomesoplenty:barley":20,"blue_skies:horizonite_helmet":1,"minecraft:oak_slab":20,"minecraft:crafting_table":4,"minecraft:white_bed":6,"minecraft:shears":118,"minecraft:apple":7,"minecraft:iron_pickaxe":1674,"minecraft:oak_pressure_plate":5,"create:white_seat":4,"minecraft:golden_helmet":1,"minecraft:wooden_sword":54,"minecraft:cobblestone":93,"minecraft:cooked_porkchop":15,"minecraft:bucket":91,"minecraft:bone_meal":2,"minecraft:experience_bottle":8,"biomesoplenty:flowering_oak_leaves":14},"minecraft:broken":{"minecraft:golden_helmet":1,"minecraft:iron_shovel":9,"minecraft:wooden_shovel":1,"minecraft:shears":1,"minecraft:stone_pickaxe":1,"minecraft:iron_sword":1,"minecraft:iron_pickaxe":6}},"DataVersion":3465}