{"stats":{"minecraft:used":{"biomesoplenty:clover":4,"minecraft:netherite_sword":5,"minecraft:iron_shovel":2362,"minecraft:spruce_slab":16,"minecraft:chest":9,"minecraft:spruce_planks":14,"minecraft:iron_sword":275,"minecraft:wooden_shovel":68,"blue_skies:horizonite_chestplate":1,"minecraft:torch":7,"minecraft:dirt":1047,"biomesoplenty:redwood_fence":19,"minecraft:spruce_stairs":6,"create:light_gray_seat":1,"minecraft:wooden_axe":85,"minecraft:lava_bucket":1,"minecraft:grass_block":7,"minecraft:iron_axe":25,"blue_skies:horizonite_boots":1,"minecraft:glowstone":4,"minecraft:furnace":3,"minecraft:cooked_cod":6,"minecraft:potato":3,"minecraft:cooked_mutton":8,"blue_skies:horizonite_leggings":1,"minecraft:water_bucket":55,"minecraft:stone_pickaxe":266,"minecraft:wooden_pickaxe":3,"minecraft:spruce_sign":15,"blue_skies:horizonite_helmet":1,"minecraft:crafting_table":4,"minecraft:white_bed":6,"minecraft:apple":7,"minecraft:iron_pickaxe":1619,"create:white_seat":4,"minecraft:golden_helmet":1,"minecraft:wooden_sword":54,"minecraft:cobblestone":93,"minecraft:cooked_porkchop":15,"minecraft:bucket":56,"minecraft:experience_bottle":2,"biomesoplenty:flowering_oak_leaves":10},"minecraft:killed_by":{"minecraft:zombie":2},"minecraft:broken":{"minecraft:iron_shovel":8,"minecraft:wooden_shovel":1,"minecraft:stone_pickaxe":1,"minecraft:iron_pickaxe":6},"minecraft:picked_up":{"minecraft:charcoal":2,"minecraft:crafting_table":3,"minecraft:wheat":60,"twigs:roseate_seashell":1,"vinery:red_grape_seeds":4,"minecraft:oak_stairs":1,"minecraft:stone_brick_stairs":1,"minecraft:moss_carpet":15,"minecraft:raw_copper":16,"minecraft:wooden_sword":1,"minecraft:armor_stand":4,"biomesoplenty:tall_lavender":43,"minecraft:item_frame":1,"twigs:opaline_seashell":1,"mysticalagriculture:inferium_essence":4,"twigs:pebble":44,"minecraft:rose_bush":14,"minecraft:sugar_cane":3,"minecraft:chest":3,"minecraft:furnace":2,"minecraft:golden_helmet":3,"minecraft:raw_iron":32,"minecraft:torch":13,"minecraft:stone_button":2,"minecraft:diorite":4,"blue_skies:horizonite_chestplate":1,"mores:raw_tin":21,"blue_skies:horizonite_helmet":2,"minecraft:rotten_flesh":2,"minecraft:tropical_fish":1,"ars_nouveau:worn_notebook":1,"minecraft:hay_block":2,"supplementaries:ash":6,"minecraft:mutton":8,"minecraft:cod":35,"minecraft:white_wool":10,"minecraft:cobblestone":3171,"minecraft:oxeye_daisy":2,"biomesoplenty:lavender":548,"minecraft:andesite":168,"minecraft:water_bucket":3,"minecraft:salmon":4,"minecraft:golden_leggings":5,"minecraft:potato":4,"minecraft:flint":8,"minecraft:oak_log":26,"minecraft:dirt":2145,"blue_skies:horizonite_boots":1,"minecraft:bone":2,"minecraft:apple":7,"minecraft:wheat_seeds":139,"minecraft:iron_ingot":8,"securitycraft:universal_block_reinforcer_lvl1":1,"twigs:twig":3,"minecraft:iron_sword":1,"minecraft:oak_planks":2,"blue_skies:horizonite_leggings":2,"patchouli:guide_book":1,"minecraft:stone_brick_slab":1,"minecraft:dandelion":3,"minecraft:gravel":117,"minecraft:lava_bucket":1,"minecraft:sand":35,"minecraft:white_bed":8,"alexsmobs:animal_dictionary":1,"biomesoplenty:flowering_oak_sapling":2,"minecraft:granite":24,"minecraft:gray_wool":1,"minecraft:spruce_sign":2,"minecraft:emerald":2,"alexsmobs:maggot":1,"minecraft:oak_sapling":2,"mores:raw_silver":1,"minecraft:coal":32},"minecraft:killed":{"alexsmobs:raccoon":1,"minecraft:skeleton":1,"ars_nouveau:drygmy":1,"minecraft:iron_golem":2,"minecraft:sheep":5,"minecraft:zombie":1,"minecraft:villager":2},"minecraft:dropped":{"minecraft:water_bucket":1,"minecraft:wheat_seeds":33,"minecraft:golden_helmet":3,"biomesoplenty:lavender":3,"minecraft:cobblestone":84,"minecraft:granite":16,"minecraft:item_frame":1,"minecraft:stick":6,"minecraft:oxeye_daisy":2,"minecraft:dirt":439,"minecraft:gray_wool":1,"minecraft:stone_button":1,"minecraft:torch":5,"minecraft:wooden_axe":1,"biomesoplenty:flowering_oak_sapling":1,"minecraft:wooden_sword":2,"blue_skies:horizonite_chestplate":1,"twigs:opaline_seashell":1,"blue_skies:horizonite_leggings":2,"minecraft:dandelion":3,"minecraft:armor_stand":4,"minecraft:stone_brick_slab":1,"vinery:red_grape_seeds":4,"minecraft:furnace":1,"twigs:roseate_seashell":1,"minecraft:rotten_flesh":2,"minecraft:glowstone_dust":2,"minecraft:white_bed":1,"blue_skies:horizonite_helmet":3,"supplementaries:ash":6,"minecraft:hay_block":1,"minecraft:charcoal":2,"mysticalagriculture:inferium_essence":1,"mores:raw_silver":1,"minecraft:golden_leggings":5,"minecraft:wooden_pickaxe":1,"minecraft:stone_pickaxe":1,"blue_skies:horizonite_boots":1,"minecraft:stone_brick_stairs":1},"minecraft:custom":{"minecraft:mob_kills":13,"minecraft:interact_with_crafting_table":33,"minecraft:open_barrel":3,"minecraft:leave_game":7,"minecraft:time_since_death":57022,"minecraft:climb_one_cm":1246,"minecraft:sprint_one_cm":717458,"minecraft:walk_one_cm":780433,"minecraft:drop":124,"minecraft:talked_to_villager":19,"minecraft:play_time":269274,"minecraft:deaths":2,"minecraft:sneak_time":6746,"minecraft:walk_under_water_one_cm":10605,"minecraft:jump":4428,"minecraft:walk_on_water_one_cm":40262,"minecraft:total_world_time":269274,"minecraft:interact_with_furnace":20,"minecraft:sleep_in_bed":13,"minecraft:time_since_rest":24541,"minecraft:waystone_activated":1,"minecraft:damage_taken":2396,"minecraft:damage_dealt":4220,"minecraft:swim_one_cm":76859,"minecraft:fly_one_cm":774612,"minecraft:open_chest":75,"minecraft:crouch_one_cm":15508,"minecraft:fall_one_cm":102935},"minecraft:mined":{"minecraft:white_bed":8,"minecraft:cobblestone_stairs":3,"minecraft:spruce_fence":1,"minecraft:granite":8,"minecraft:grass_block":1162,"biomesoplenty:bush":1,"minecraft:stone_button":1,"biomesoplenty:flowering_oak_leaves":2,"minecraft:spruce_leaves":2,"biomesoplenty:dune_grass":6,"minecraft:hay_block":1,"biomesoplenty:tall_lavender":14,"minecraft:oak_trapdoor":1,"minecraft:furnace":2,"minecraft:carrots":2,"minecraft:iron_ore":34,"biomesoplenty:lavender":154,"minecraft:andesite":84,"minecraft:moss_carpet":12,"biomesoplenty:sea_oats":7,"minecraft:oak_stairs":1,"minecraft:stone":1690,"minecraft:white_wool":2,"twigs:opaline_seashell":1,"biomesoplenty:jacaranda_leaves":2,"minecraft:infested_stone_bricks":1,"minecraft:stone_brick_slab":1,"minecraft:oak_fence":3,"minecraft:crafting_table":3,"minecraft:torch":9,"vinery:red_grape_bush":2,"twigs:roseate_seashell":1,"minecraft:chest":5,"minecraft:rose_bush":8,"minecraft:campfire":1,"minecraft:copper_ore":2,"minecraft:tall_grass":25,"minecraft:sugar_cane":1,"minecraft:diorite":2,"mores:tin_ore":6,"minecraft:wall_torch":2,"supplementaries:urn":1,"minecraft:wheat":32,"minecraft:stone_brick_stairs":1,"minecraft:grass":222,"minecraft:oak_log":27,"minecraft:coal_ore":32,"minecraft:beetroots":1,"minecraft:sand":36,"minecraft:gravel":78,"minecraft:dirt":966,"mores:silver_ore":3,"minecraft:netherrack":1,"minecraft:oak_leaves":30},"minecraft:crafted":{"minecraft:oak_planks":104,"minecraft:furnace":2,"minecraft:cooked_mutton":8,"minecraft:iron_axe":1,"minecraft:stone_pickaxe":2,"minecraft:chest":7,"minecraft:cooked_cod":35,"minecraft:crafting_table":1,"minecraft:air":0,"minecraft:stick":46,"minecraft:iron_pickaxe":7,"minecraft:iron_ingot":31,"minecraft:iron_shovel":9}},"DataVersion":3465}