{"stats":{"minecraft:dropped":{"minecraft:golden_helmet":3,"twigs:roseate_seashell":1,"biomesoplenty:lavender":1,"minecraft:rotten_flesh":2,"minecraft:glowstone_dust":2,"minecraft:white_bed":1,"blue_skies:horizonite_helmet":3,"minecraft:item_frame":1,"minecraft:stick":6,"supplementaries:ash":6,"minecraft:hay_block":1,"minecraft:gray_wool":1,"minecraft:stone_button":1,"minecraft:charcoal":2,"minecraft:golden_leggings":5,"mores:raw_silver":1,"blue_skies:horizonite_boots":1,"blue_skies:horizonite_chestplate":1,"minecraft:stone_brick_stairs":1,"twigs:opaline_seashell":1,"blue_skies:horizonite_leggings":2,"minecraft:armor_stand":4,"minecraft:stone_brick_slab":1,"vinery:red_grape_seeds":4},"minecraft:custom":{"minecraft:interact_with_furnace":1,"minecraft:mob_kills":8,"minecraft:interact_with_crafting_table":6,"minecraft:open_barrel":3,"minecraft:leave_game":3,"minecraft:time_since_death":64634,"minecraft:sleep_in_bed":2,"minecraft:climb_one_cm":701,"minecraft:time_since_rest":6421,"minecraft:waystone_activated":1,"minecraft:sprint_one_cm":181915,"minecraft:damage_taken":661,"minecraft:walk_one_cm":201400,"minecraft:drop":35,"minecraft:damage_dealt":1433,"minecraft:swim_one_cm":2801,"minecraft:talked_to_villager":19,"minecraft:fly_one_cm":178753,"minecraft:open_chest":21,"minecraft:crouch_one_cm":4496,"minecraft:play_time":64634,"minecraft:sneak_time":1487,"minecraft:walk_under_water_one_cm":285,"minecraft:jump":1293,"minecraft:walk_on_water_one_cm":5868,"minecraft:total_world_time":64634,"minecraft:fall_one_cm":23724},"minecraft:killed":{"ars_nouveau:drygmy":1,"minecraft:sheep":3,"minecraft:skeleton":1,"minecraft:zombie":1,"minecraft:villager":2},"minecraft:mined":{"minecraft:white_bed":3,"minecraft:infested_stone_bricks":1,"minecraft:stone_brick_slab":1,"minecraft:oak_fence":3,"minecraft:crafting_table":1,"biomesoplenty:bush":1,"minecraft:stone_button":1,"vinery:red_grape_bush":2,"minecraft:spruce_fence":1,"twigs:roseate_seashell":1,"minecraft:rose_bush":8,"biomesoplenty:flowering_oak_leaves":1,"minecraft:campfire":1,"minecraft:tall_grass":8,"supplementaries:urn":1,"minecraft:hay_block":1,"minecraft:oak_trapdoor":1,"minecraft:carrots":2,"minecraft:iron_ore":27,"minecraft:wheat":32,"biomesoplenty:lavender":2,"minecraft:moss_carpet":12,"minecraft:stone_brick_stairs":1,"minecraft:grass":51,"minecraft:coal_ore":1,"minecraft:oak_log":12,"minecraft:beetroots":1,"minecraft:oak_stairs":1,"mores:silver_ore":1,"minecraft:stone":223,"minecraft:white_wool":2,"twigs:opaline_seashell":1,"minecraft:oak_leaves":1},"minecraft:crafted":{"minecraft:oak_planks":44,"minecraft:crafting_table":1,"minecraft:furnace":1,"minecraft:stick":12,"minecraft:stone_pickaxe":2,"minecraft:chest":2},"minecraft:used":{"biomesoplenty:clover":4,"blue_skies:horizonite_leggings":1,"minecraft:water_bucket":3,"minecraft:netherite_sword":5,"minecraft:spruce_slab":16,"minecraft:stone_pickaxe":260,"minecraft:chest":2,"minecraft:spruce_planks":14,"minecraft:wooden_pickaxe":3,"minecraft:iron_sword":79,"minecraft:spruce_sign":15,"minecraft:wooden_shovel":1,"blue_skies:horizonite_chestplate":1,"blue_skies:horizonite_helmet":1,"minecraft:dirt":2,"minecraft:crafting_table":2,"biomesoplenty:redwood_fence":19,"minecraft:spruce_stairs":6,"minecraft:white_bed":1,"create:light_gray_seat":1,"minecraft:wooden_axe":85,"minecraft:lava_bucket":1,"minecraft:grass_block":7,"blue_skies:horizonite_boots":1,"create:white_seat":4,"minecraft:golden_helmet":1,"minecraft:glowstone":4,"minecraft:wooden_sword":54,"minecraft:cobblestone":28,"minecraft:furnace":1,"minecraft:cooked_porkchop":8,"minecraft:bucket":4,"minecraft:experience_bottle":2,"biomesoplenty:flowering_oak_leaves":10},"minecraft:broken":{"minecraft:stone_pickaxe":1},"minecraft:picked_up":{"biomesoplenty:lavender":2,"minecraft:charcoal":2,"minecraft:crafting_table":1,"minecraft:wheat":30,"twigs:roseate_seashell":1,"minecraft:golden_leggings":5,"minecraft:potato":2,"minecraft:oak_stairs":1,"vinery:red_grape_seeds":4,"minecraft:stone_brick_stairs":1,"minecraft:oak_log":11,"minecraft:moss_carpet":11,"blue_skies:horizonite_boots":1,"minecraft:item_frame":1,"minecraft:armor_stand":4,"minecraft:bone":1,"twigs:opaline_seashell":1,"minecraft:apple":7,"mysticalagriculture:inferium_essence":1,"minecraft:wheat_seeds":7,"minecraft:rose_bush":8,"minecraft:iron_sword":1,"minecraft:golden_helmet":3,"blue_skies:horizonite_leggings":2,"minecraft:raw_iron":25,"minecraft:stone_brick_slab":1,"minecraft:stone_button":2,"minecraft:white_bed":3,"blue_skies:horizonite_chestplate":1,"blue_skies:horizonite_helmet":2,"minecraft:rotten_flesh":2,"minecraft:hay_block":2,"minecraft:gray_wool":1,"minecraft:spruce_sign":2,"minecraft:coal":1,"supplementaries:ash":6,"mores:raw_silver":1,"minecraft:mutton":6,"minecraft:white_wool":4,"minecraft:cobblestone":215}},"DataVersion":3465}