{"stats":{"minecraft:used":{"create:white_seat":4,"biomesoplenty:clover":4,"minecraft:netherite_sword":5,"minecraft:dirt":2,"minecraft:grass_block":2,"biomesoplenty:redwood_fence":19,"minecraft:spruce_slab":12,"minecraft:spruce_stairs":2,"minecraft:spruce_planks":14,"create:light_gray_seat":1,"biomesoplenty:flowering_oak_leaves":2},"minecraft:killed":{"ars_nouveau:drygmy":1},"minecraft:custom":{"minecraft:time_since_rest":5724,"minecraft:crouch_one_cm":524,"minecraft:play_time":5724,"minecraft:sprint_one_cm":5896,"minecraft:walk_one_cm":18510,"minecraft:damage_taken":10,"minecraft:sneak_time":111,"minecraft:mob_kills":1,"minecraft:jump":165,"minecraft:damage_dealt":250,"minecraft:time_since_death":5724,"minecraft:total_world_time":5724,"minecraft:fly_one_cm":12841}},"DataVersion":3465}