{"stats":{"minecraft:custom":{"minecraft:time_since_rest":35565,"minecraft:crouch_one_cm":2364,"minecraft:play_time":35565,"minecraft:sprint_one_cm":11646,"minecraft:damage_taken":60,"minecraft:walk_one_cm":40415,"minecraft:sneak_time":1550,"minecraft:drop":3,"minecraft:jump":209,"minecraft:damage_dealt":48,"minecraft:leave_game":2,"minecraft:time_since_death":35565,"minecraft:total_world_time":39262,"minecraft:fall_one_cm":8061,"minecraft:fly_one_cm":186307,"minecraft:open_chest":12},"minecraft:used":{"create:white_seat":6,"securitycraft:reinforced_lantern":3,"securitycraft:reinforced_lectern":1,"minecraft:water_bucket":3,"blue_skies:horizonite_helmet":1,"securitycraft:reinforced_oak_planks":127,"minecraft:spruce_slab":3,"minecraft:grass_block":15,"framedblocks:framed_door":2,"minecraft:chest":5,"minecraft:spruce_planks":10,"securitycraft:reinforced_oak_fence":11,"blue_skies:horizonite_boots":1,"securitycraft:reinforced_oak_slab":24,"biomesoplenty:jacaranda_sign":8,"blue_skies:horizonite_leggings":1,"blue_skies:horizonite_chestplate":1,"botania:gray_double_flower":1},"minecraft:dropped":{"minecraft:allium":3},"minecraft:picked_up":{"minecraft:allium":11,"botania:gray_double_flower":1,"framedblocks:framed_door":1,"minecraft:wheat_seeds":14,"minecraft:spruce_planks":2,"twigs:twig":2,"biomesoplenty:jacaranda_sign":2},"minecraft:mined":{"minecraft:grass":11,"biomesoplenty:bush":4,"botania:gray_double_flower":1}},"DataVersion":3465}