{"stats":{"minecraft:used":{"securitycraft:reinforced_lectern":1,"minecraft:water_bucket":3,"securitycraft:reinforced_oak_planks":100,"minecraft:grass_block":13,"securitycraft:reinforced_oak_slab":13,"botania:gray_double_flower":1},"minecraft:custom":{"minecraft:time_since_rest":23565,"minecraft:crouch_one_cm":1904,"minecraft:play_time":23565,"minecraft:sprint_one_cm":10950,"minecraft:damage_taken":60,"minecraft:walk_one_cm":25417,"minecraft:sneak_time":1339,"minecraft:drop":3,"minecraft:jump":200,"minecraft:damage_dealt":48,"minecraft:leave_game":2,"minecraft:time_since_death":23565,"minecraft:total_world_time":27262,"minecraft:fall_one_cm":8061,"minecraft:fly_one_cm":167585},"minecraft:dropped":{"minecraft:allium":3},"minecraft:picked_up":{"minecraft:allium":11,"botania:gray_double_flower":1,"minecraft:wheat_seeds":14,"twigs:twig":2},"minecraft:mined":{"minecraft:grass":11,"biomesoplenty:bush":4,"botania:gray_double_flower":1}},"DataVersion":3465}