{"stats":{"minecraft:used":{"securitycraft:reinforced_lectern":1,"securitycraft:reinforced_oak_planks":65,"minecraft:grass_block":7,"securitycraft:reinforced_oak_slab":14,"botania:gray_double_flower":1},"minecraft:picked_up":{"minecraft:allium":8,"botania:gray_double_flower":1,"minecraft:wheat_seeds":5,"dynamictrees:oak_seed":2},"minecraft:mined":{"minecraft:grass":11,"biomesoplenty:bush":4,"botania:gray_double_flower":1},"minecraft:custom":{"minecraft:time_since_rest":11998,"minecraft:crouch_one_cm":608,"minecraft:play_time":11998,"minecraft:sprint_one_cm":8108,"minecraft:damage_taken":60,"minecraft:walk_one_cm":28471,"minecraft:sneak_time":767,"minecraft:jump":162,"minecraft:damage_dealt":48,"minecraft:leave_game":2,"minecraft:time_since_death":11998,"minecraft:total_world_time":15695,"minecraft:fall_one_cm":6122,"minecraft:fly_one_cm":137928}},"DataVersion":3465}