{"stats":{"minecraft:used":{"botania:gray_double_flower":1},"minecraft:custom":{"minecraft:jump":181,"minecraft:time_since_rest":11565,"minecraft:damage_dealt":38,"minecraft:crouch_one_cm":636,"minecraft:leave_game":2,"minecraft:sprint_one_cm":9673,"minecraft:play_time":11565,"minecraft:damage_taken":60,"minecraft:time_since_death":11565,"minecraft:walk_one_cm":7138,"minecraft:sneak_time":675,"minecraft:total_world_time":15262,"minecraft:fall_one_cm":7852,"minecraft:fly_one_cm":130059},"minecraft:picked_up":{"botania:gray_double_flower":1},"minecraft:mined":{"minecraft:grass":11,"biomesoplenty:bush":4,"botania:gray_double_flower":1}},"DataVersion":3465}