{"stats":{"minecraft:mined":{"minecraft:grass":11,"biomesoplenty:bush":4,"botania:gray_double_flower":1},"minecraft:dropped":{"ars_nouveau:worn_notebook":1,"alexsmobs:animal_dictionary":1,"camera:image":1,"patchouli:guide_book":1},"minecraft:used":{"minecraft:netherite_sword":1,"camera:image_frame":2,"securitycraft:reinforced_oak_planks":121,"minecraft:lantern":2,"minecraft:grass_block":7,"framedblocks:framed_door":2,"minecraft:spruce_slab":4,"minecraft:pig_spawn_egg":1,"minecraft:chest":4,"minecraft:spruce_planks":16,"botania:gray_double_flower":1,"create:white_seat":6,"minecraft:bedrock":1,"securitycraft:reinforced_lectern":1,"securitycraft:reinforced_oak_fence":9,"securitycraft:reinforced_oak_slab":42,"biomesoplenty:jacaranda_sign":5},"minecraft:custom":{"minecraft:time_since_rest":23032,"minecraft:sprint_one_cm":9221,"minecraft:damage_taken":60,"minecraft:walk_one_cm":39471,"minecraft:mob_kills":1,"minecraft:drop":4,"minecraft:damage_dealt":150,"minecraft:fly_one_cm":164763,"minecraft:open_chest":5,"minecraft:crouch_one_cm":993,"minecraft:play_time":23032,"minecraft:sneak_time":1060,"minecraft:jump":172,"minecraft:leave_game":2,"minecraft:time_since_death":23032,"minecraft:total_world_time":26729,"minecraft:fall_one_cm":6122},"minecraft:picked_up":{"minecraft:wooden_axe":1,"blue_skies:horizonite_leggings":1,"minecraft:allium":8,"botania:gray_double_flower":1,"minecraft:cooked_porkchop":16,"patchouli:guide_book":1,"framedblocks:framed_door":1,"minecraft:torch":16,"minecraft:wooden_pickaxe":1,"minecraft:porkchop":3,"blue_skies:horizonite_chestplate":1,"alexsmobs:animal_dictionary":1,"shieldexp:wooden_shield":1,"minecraft:wooden_sword":1,"blue_skies:horizonite_boots":1,"blue_skies:horizonite_helmet":1,"minecraft:wheat_seeds":5,"ars_nouveau:worn_notebook":1,"minecraft:spruce_planks":2,"securitycraft:universal_block_reinforcer_lvl1":1,"minecraft:wooden_shovel":1,"dynamictrees:oak_seed":2,"camera:image":1},"minecraft:killed":{"minecraft:pig":1}},"DataVersion":3465}