{"stats":{"minecraft:killed":{"minecraft:silverfish":1},"minecraft:custom":{"minecraft:mob_kills":1,"minecraft:interact_with_crafting_table":12,"minecraft:leave_game":7,"minecraft:time_since_death":79976,"minecraft:sleep_in_bed":2,"minecraft:climb_one_cm":19406,"minecraft:time_since_rest":14560,"minecraft:sprint_one_cm":111301,"minecraft:damage_taken":324,"minecraft:walk_one_cm":219764,"minecraft:drop":35,"minecraft:damage_dealt":127,"minecraft:play_noteblock":3,"minecraft:swim_one_cm":1256,"minecraft:fly_one_cm":198045,"minecraft:open_chest":41,"minecraft:crouch_one_cm":5348,"minecraft:play_time":79976,"minecraft:sneak_time":1703,"minecraft:walk_under_water_one_cm":494,"minecraft:jump":880,"minecraft:walk_on_water_one_cm":2066,"minecraft:total_world_time":79976,"minecraft:fall_one_cm":19843},"minecraft:broken":{"minecraft:wooden_shovel":1,"minecraft:wooden_pickaxe":1,"minecraft:stone_pickaxe":1},"minecraft:crafted":{"minecraft:crafting_table":1,"biomesoplenty:redwood_planks":258,"minecraft:stone_axe":3,"minecraft:ladder":21,"minecraft:stick":56,"minecraft:stone_pickaxe":2,"minecraft:chest":1},"minecraft:mined":{"minecraft:podzol":1,"biomesoplenty:redwood_planks":49,"minecraft:white_bed":2,"minecraft:crafting_table":3,"minecraft:torch":3,"minecraft:note_block":2,"minecraft:grass_block":6,"minecraft:chest":4,"minecraft:white_stained_glass":2,"minecraft:glass":1,"minecraft:tall_grass":3,"minecraft:copper_ore":6,"minecraft:cobblestone":3,"minecraft:bricks":2,"minecraft:wall_torch":1,"minecraft:large_fern":2,"minecraft:furnace":1,"biomesoplenty:lavender":3,"minecraft:pumpkin":4,"minecraft:moss_carpet":3,"minecraft:yellow_bed":1,"minecraft:grass":8,"minecraft:bookshelf":15,"minecraft:oak_fence_gate":1,"biomesoplenty:redwood_log":9,"minecraft:vine":1,"biomesoplenty:redwood_leaves":116,"minecraft:sand":2,"minecraft:dirt":12,"villagersplus:alchemist_table":1,"minecraft:stone":198,"minecraft:stone_bricks":10,"biomesoplenty:redwood_wood":63,"minecraft:fern":2,"villagersplus:oceanographer_table":1},"minecraft:picked_up":{"biomesoplenty:redwood_log":9,"biomesoplenty:lavender":6,"minecraft:crafting_table":3,"minecraft:yellow_bed":1,"minecraft:fire_coral":1,"minecraft:horn_coral":1,"minecraft:moss_carpet":12,"minecraft:dirt":30,"minecraft:raw_copper":23,"minecraft:item_frame":4,"minecraft:bone":1,"minecraft:stone_bricks":11,"mysticalagriculture:inferium_essence":1,"minecraft:candle":9,"minecraft:gold_nugget":3,"minecraft:iron_nugget":16,"biomesoplenty:redwood_wood":60,"minecraft:chest":4,"minecraft:furnace":1,"minecraft:book":47,"minecraft:tropical_fish_bucket":1,"minecraft:pumpkin":4,"patchouli:guide_book":1,"minecraft:torch":4,"minecraft:note_block":2,"minecraft:sand":2,"minecraft:white_bed":2,"minecraft:redstone":2,"villagersplus:oceanographer_table":1,"alexsmobs:animal_dictionary":1,"ars_nouveau:wilden_spike":6,"biomesoplenty:redwood_planks":47,"minecraft:arrow":8,"ars_nouveau:worn_notebook":1,"minecraft:spruce_sign":4,"biomesoplenty:redwood_sapling":6,"villagersplus:alchemist_table":2,"minecraft:bricks":2,"minecraft:obsidian":1,"minecraft:cobblestone":196},"minecraft:used":{"blue_skies:horizonite_leggings":1,"minecraft:stone_pickaxe":161,"biomesoplenty:redwood_planks":168,"minecraft:ladder":21,"minecraft:chest":3,"minecraft:spruce_planks":68,"minecraft:wooden_pickaxe":68,"minecraft:wooden_shovel":59,"minecraft:oak_leaves":2,"blue_skies:horizonite_chestplate":1,"minecraft:torch":5,"blue_skies:horizonite_helmet":1,"minecraft:dirt":13,"minecraft:crafting_table":4,"biomesoplenty:redwood_fence":15,"minecraft:spruce_stairs":4,"minecraft:white_bed":1,"minecraft:wooden_axe":42,"minecraft:grass_block":4,"biomesoplenty:redwood_wood":3,"blue_skies:horizonite_boots":1,"minecraft:stone_axe":123,"create:white_seat":4,"minecraft:wooden_sword":14,"minecraft:cobblestone":15,"minecraft:cooked_porkchop":4,"minecraft:yellow_bed":1,"minecraft:experience_bottle":3},"minecraft:dropped":{"minecraft:spruce_sign":1,"minecraft:moss_carpet":10,"minecraft:candle":23,"ars_nouveau:wilden_spike":6,"minecraft:raw_copper":4,"biomesoplenty:redwood_sapling":6,"biomesoplenty:lavender":4,"minecraft:white_bed":1,"minecraft:item_frame":4,"minecraft:dirt":11,"villagersplus:alchemist_table":1,"mysticalagriculture:inferium_essence":1,"minecraft:fire_coral":1,"minecraft:gold_nugget":3,"minecraft:arrow":8,"minecraft:quartz":10,"minecraft:redstone":1,"minecraft:bone":1}},"DataVersion":3465}