{"stats":{"minecraft:killed":{"minecraft:silverfish":1},"minecraft:custom":{"minecraft:interact_with_furnace":12,"minecraft:mob_kills":1,"minecraft:interact_with_crafting_table":18,"minecraft:leave_game":7,"minecraft:time_since_death":115976,"minecraft:sleep_in_bed":3,"minecraft:climb_one_cm":28642,"minecraft:time_since_rest":21069,"minecraft:sprint_one_cm":193075,"minecraft:damage_taken":784,"minecraft:walk_one_cm":333660,"minecraft:drop":45,"minecraft:damage_dealt":167,"minecraft:play_noteblock":3,"minecraft:swim_one_cm":1256,"minecraft:fly_one_cm":304262,"minecraft:open_chest":74,"minecraft:crouch_one_cm":5647,"minecraft:play_time":115976,"minecraft:sneak_time":1850,"minecraft:walk_under_water_one_cm":494,"minecraft:jump":1519,"minecraft:walk_on_water_one_cm":4706,"minecraft:total_world_time":115976,"minecraft:fall_one_cm":45851},"minecraft:broken":{"minecraft:wooden_shovel":1,"minecraft:stone_axe":1,"minecraft:wooden_pickaxe":1,"minecraft:stone_pickaxe":2},"minecraft:crafted":{"minecraft:crafting_table":1,"biomesoplenty:redwood_planks":258,"minecraft:stone":35,"minecraft:stone_axe":3,"minecraft:heavy_weighted_pressure_plate":1,"minecraft:ladder":21,"minecraft:stick":56,"minecraft:iron_ingot":7,"minecraft:stone_pickaxe":3,"minecraft:chest":1,"minecraft:stone_bricks":32},"minecraft:mined":{"minecraft:podzol":2,"biomesoplenty:redwood_planks":53,"minecraft:white_bed":2,"minecraft:crafting_table":3,"minecraft:torch":6,"minecraft:note_block":2,"minecraft:grass_block":8,"minecraft:chest":7,"minecraft:white_stained_glass":2,"minecraft:coal_block":11,"minecraft:glass":1,"minecraft:tall_grass":4,"minecraft:copper_ore":6,"minecraft:cobblestone":5,"minecraft:bricks":2,"minecraft:wall_torch":2,"minecraft:large_fern":3,"minecraft:furnace":1,"minecraft:iron_ore":18,"biomesoplenty:lavender":3,"minecraft:pumpkin":4,"minecraft:moss_carpet":3,"minecraft:oak_log":5,"minecraft:yellow_bed":3,"minecraft:grass":10,"minecraft:bookshelf":15,"minecraft:oak_fence_gate":1,"biomesoplenty:redwood_log":9,"minecraft:vine":1,"biomesoplenty:redwood_leaves":116,"mores:silver_ore":5,"minecraft:sand":2,"minecraft:dirt":15,"villagersplus:alchemist_table":1,"minecraft:stone":318,"minecraft:stone_bricks":10,"biomesoplenty:redwood_wood":139,"minecraft:fern":3,"villagersplus:oceanographer_table":1},"minecraft:picked_up":{"biomesoplenty:redwood_log":9,"biomesoplenty:lavender":6,"minecraft:crafting_table":3,"minecraft:oak_log":5,"minecraft:yellow_bed":3,"minecraft:fire_coral":1,"minecraft:horn_coral":1,"minecraft:lantern":1,"minecraft:moss_carpet":14,"minecraft:dirt":35,"minecraft:raw_copper":31,"minecraft:item_frame":6,"minecraft:bone":2,"minecraft:stone_bricks":11,"minecraft:wheat_seeds":1,"mysticalagriculture:inferium_essence":3,"minecraft:candle":9,"minecraft:gold_nugget":3,"minecraft:oak_fence_gate":1,"minecraft:iron_ingot":2,"minecraft:poppy":2,"minecraft:iron_nugget":32,"biomesoplenty:redwood_wood":136,"minecraft:coal_block":11,"minecraft:chest":7,"minecraft:furnace":1,"minecraft:book":94,"minecraft:tropical_fish_bucket":1,"minecraft:raw_iron":18,"minecraft:pumpkin":4,"patchouli:guide_book":2,"minecraft:torch":11,"minecraft:quartz":10,"minecraft:note_block":2,"minecraft:sand":2,"minecraft:amethyst_shard":4,"minecraft:white_bed":3,"minecraft:redstone":4,"villagersplus:oceanographer_table":3,"alexsmobs:animal_dictionary":1,"ars_nouveau:wilden_spike":6,"biomesoplenty:redwood_planks":51,"minecraft:arrow":8,"ars_nouveau:worn_notebook":3,"minecraft:coal":4,"minecraft:emerald":4,"minecraft:spruce_sign":4,"minecraft:wooden_axe":1,"biomesoplenty:redwood_sapling":6,"mores:raw_silver":5,"villagersplus:alchemist_table":4,"minecraft:bricks":2,"minecraft:obsidian":3,"minecraft:cobblestone":419},"minecraft:used":{"blue_skies:horizonite_leggings":1,"minecraft:stone_pickaxe":321,"biomesoplenty:redwood_planks":225,"minecraft:ladder":21,"minecraft:chest":8,"minecraft:spruce_planks":68,"minecraft:wooden_pickaxe":68,"minecraft:wooden_shovel":59,"minecraft:oak_leaves":2,"blue_skies:horizonite_chestplate":1,"minecraft:torch":14,"blue_skies:horizonite_helmet":1,"minecraft:dirt":13,"minecraft:crafting_table":4,"biomesoplenty:redwood_fence":15,"minecraft:spruce_stairs":4,"minecraft:white_bed":1,"minecraft:wooden_axe":42,"minecraft:grass_block":4,"biomesoplenty:redwood_wood":3,"blue_skies:horizonite_boots":1,"minecraft:stone_axe":213,"create:white_seat":4,"minecraft:wooden_sword":18,"minecraft:cobblestone":39,"minecraft:furnace":1,"minecraft:cooked_porkchop":7,"minecraft:yellow_bed":3,"minecraft:experience_bottle":3},"minecraft:dropped":{"minecraft:iron_ingot":1,"minecraft:spruce_sign":1,"minecraft:moss_carpet":10,"minecraft:candle":23,"ars_nouveau:wilden_spike":6,"minecraft:raw_copper":4,"biomesoplenty:redwood_sapling":6,"minecraft:obsidian":1,"biomesoplenty:lavender":4,"minecraft:cobblestone":64,"minecraft:white_bed":1,"minecraft:coal":2,"minecraft:item_frame":4,"minecraft:emerald":2,"minecraft:dirt":11,"ars_nouveau:worn_notebook":1,"minecraft:torch":3,"villagersplus:alchemist_table":1,"mysticalagriculture:inferium_essence":1,"minecraft:fire_coral":1,"minecraft:gold_nugget":3,"minecraft:amethyst_shard":2,"minecraft:arrow":8,"villagersplus:oceanographer_table":1,"minecraft:quartz":10,"minecraft:redstone":2,"minecraft:bone":1}},"DataVersion":3465}