{"stats":{"minecraft:crafted":{"minecraft:oak_planks":20,"hangglider:hang_glider":1,"minecraft:cooked_chicken":2,"minecraft:cobblestone_stairs":8,"minecraft:stone":196,"securitycraft:keypad_item":2,"minecraft:heavy_weighted_pressure_plate":2,"minecraft:cooked_mutton":2,"minecraft:chest":6,"minecraft:stone_bricks":184,"vanillaplustools:wooden_shovel":1,"minecraft:wooden_shovel":11,"biomesoplenty:redwood_sign":3,"biomesoplenty:jacaranda_planks":76,"minecraft:cooked_porkchop":11,"minecraft:crafting_table":5,"securitycraft:reinforced_stone_button":18,"minecraft:wooden_pickaxe":9,"biomesoplenty:redwood_button":1,"biomesoplenty:redwood_boat":1,"minecraft:stick":236,"minecraft:iron_ingot":18,"minecraft:iron_pickaxe":1,"minecraft:stone_sword":1,"hangglider:glider_framework":1,"vanillaplustools:wooden_hammer":1,"vanillaplustools:stone_hammer":4,"hangglider:glider_wing":2,"minecraft:ladder":21,"minecraft:stone_pickaxe":42,"biomesoplenty:redwood_stairs":20,"biomesoplenty:redwood_planks":1082,"minecraft:iron_sword":1,"minecraft:bucket":1,"minecraft:stone_axe":5,"minecraft:air":0,"securitycraft:reinforced_stone":10},"minecraft:killed":{"minecraft:skeleton":3,"minecraft:chicken":3,"minecraft:silverfish":3,"minecraft:pig":4,"minecraft:sheep":7,"minecraft:pillager":2,"minecraft:trader_llama":1,"minecraft:donkey":4,"minecraft:zombie":10,"minecraft:cow":5,"alexsmobs:raccoon":2,"minecraft:vindicator":1,"alexsmobs:catfish":1,"minecraft:enderman":1},"minecraft:used":{"minecraft:moss_carpet":2,"minecraft:ladder":21,"minecraft:chest":13,"minecraft:stone":1,"minecraft:iron_sword":335,"blue_skies:horizonite_chestplate":2,"securitycraft:keypad_item":2,"biomesoplenty:redwood_fence":15,"biomesoplenty:redwood_sign":3,"minecraft:grass_block":5,"minecraft:stone_bricks":198,"vanillaplustools:wooden_shovel":71,"minecraft:furnace":1,"alexsmobs:raw_catfish":1,"blue_skies:horizonite_leggings":2,"minecraft:diorite":5,"minecraft:stone_pickaxe":886,"minecraft:oak_planks":6,"minecraft:wooden_pickaxe":68,"minecraft:sugar_cane":16,"minecraft:oak_leaves":2,"blue_skies:horizonite_helmet":2,"minecraft:sand":9,"scalinghealth:cursed_heart":1,"biomesoplenty:jacaranda_planks":62,"minecraft:bread":3,"minecraft:gravel":9,"create:white_seat":4,"minecraft:wooden_sword":59,"minecraft:experience_bottle":3,"minecraft:stone_sword":159,"biomesoplenty:redwood_planks":300,"minecraft:spruce_planks":68,"vanillaplustools:stone_hammer":431,"minecraft:wooden_shovel":120,"minecraft:cooked_chicken":2,"minecraft:torch":64,"minecraft:dirt":433,"villagersplus:oceanographer_table":1,"minecraft:spruce_stairs":4,"minecraft:granite":14,"minecraft:wooden_axe":60,"biomesoplenty:redwood_wood":3,"blue_skies:horizonite_boots":3,"biomesoplenty:redwood_boat":1,"biomesoplenty:jacaranda_log":103,"minecraft:beef":4,"minecraft:cooked_beef":1,"minecraft:cobbled_deepslate":18,"vinery:red_grape":48,"minecraft:water_bucket":16,"minecraft:cobblestone_stairs":8,"minecraft:crafting_table":13,"minecraft:white_bed":1,"minecraft:apple":6,"vanillaplustools:wooden_hammer":60,"minecraft:iron_pickaxe":96,"mores:sterling_boots":1,"minecraft:stone_axe":544,"minecraft:cobblestone":515,"minecraft:cooked_porkchop":18,"minecraft:bucket":17,"minecraft:yellow_bed":3,"biomesoplenty:redwood_stairs":21,"vinery:red_grape_seeds":7},"minecraft:broken":{"minecraft:wooden_shovel":2,"vanillaplustools:wooden_hammer":1,"minecraft:stone_pickaxe":5,"minecraft:stone_axe":3,"minecraft:wooden_axe":1,"minecraft:stone_sword":1,"vanillaplustools:wooden_shovel":1,"minecraft:wooden_pickaxe":1,"vanillaplustools:stone_hammer":3},"minecraft:dropped":{"minecraft:spruce_sign":1,"storagenetwork:inventory_remote":1,"minecraft:candle":23,"minecraft:item_frame":4,"minecraft:emerald":2,"minecraft:flint":2,"minecraft:dirt":14,"minecraft:dark_oak_wood":3,"villagersplus:alchemist_table":1,"biomesoplenty:flowering_oak_sapling":1,"minecraft:gold_nugget":3,"minecraft:amethyst_shard":2,"minecraft:sand":15,"alexsmobs:raccoon_tail":2,"minecraft:white_wool":1,"minecraft:bone":1,"vinery:red_grape_seeds":3,"ars_nouveau:wilden_spike":6,"minecraft:cobbled_deepslate":745,"biomesoplenty:redwood_sapling":6,"minecraft:obsidian":1,"minecraft:pointed_dripstone":3,"minecraft:rotten_flesh":10,"minecraft:white_bed":1,"biomesoplenty:redwood_button":1,"mysticalagriculture:inferium_essence":18,"minecraft:arrow":13,"minecraft:quartz":10,"biomesoplenty:tall_lavender":7,"minecraft:water_bucket":1,"minecraft:iron_ingot":1,"minecraft:wheat_seeds":12,"biomesoplenty:lavender":106,"minecraft:cobblestone":232,"scalinghealth:heart_crystal_shard":3,"minecraft:coal":2,"ars_nouveau:worn_notebook":1,"minecraft:torch":3,"villagersplus:oceanographer_table":1,"minecraft:string":4,"minecraft:redstone":25,"minecraft:moss_carpet":10,"minecraft:raw_copper":40,"minecraft:tuff":51,"minecraft:fire_coral":1,"minecraft:oak_sapling":1,"minecraft:spider_eye":1,"minecraft:stone_pickaxe":1,"scalinghealth:bandages":1},"minecraft:picked_up":{"minecraft:wooden_axe":1,"vinery:red_grape":67,"storagenetwork:inventory_remote":1,"minecraft:lead":1,"vinery:red_grape_seeds":13,"minecraft:string":4,"minecraft:raw_copper":107,"mores:tourmaline_gem":6,"biomesoplenty:tall_lavender":12,"mysticalagriculture:inferium_essence":35,"minecraft:gold_nugget":3,"minecraft:cobbled_deepslate":1796,"minecraft:spruce_planks":19,"twigs:pebble":20,"alexsmobs:raccoon_tail":2,"biomesoplenty:redwood_wood":266,"minecraft:coal_block":11,"minecraft:furnace":1,"minecraft:torch":54,"mysticalagriculture:prosperity_shard":26,"minecraft:porkchop":11,"mores:topaz_gem":3,"minecraft:pointed_dripstone":6,"minecraft:diorite":13,"mores:raw_tin":44,"minecraft:rotten_flesh":10,"ars_nouveau:worn_notebook":3,"villagersplus:alchemist_table":4,"minecraft:obsidian":3,"minecraft:cobblestone":2110,"biomesoplenty:lavender":161,"minecraft:feather":1,"minecraft:cooked_beef":1,"minecraft:water_bucket":1,"minecraft:andesite":81,"minecraft:flint":7,"minecraft:tuff":147,"minecraft:horn_coral":1,"minecraft:lapis_lazuli":51,"minecraft:dirt":483,"minecraft:lantern":1,"minecraft:bone":3,"minecraft:wheat_seeds":69,"minecraft:raw_gold":16,"twigs:schist":70,"minecraft:oak_planks":15,"patchouli:guide_book":2,"minecraft:sand":26,"mores:raw_cobalt":20,"securitycraft:reinforced_stone":8,"minecraft:grass_block":1,"alexsmobs:animal_dictionary":1,"minecraft:diamond":11,"minecraft:granite":146,"minecraft:spruce_sign":4,"scalinghealth:cursed_heart":1,"minecraft:emerald":9,"twigs:rhyolite":205,"minecraft:oak_sapling":1,"mores:raw_silver":8,"minecraft:bricks":2,"biomesoplenty:redwood_log":9,"minecraft:crafting_table":8,"minecraft:chicken":2,"minecraft:fire_coral":1,"minecraft:moss_carpet":17,"minecraft:item_frame":6,"minecraft:candle":9,"minecraft:beef":11,"minecraft:iron_nugget":32,"minecraft:poppy":2,"minecraft:sugar_cane":44,"minecraft:chest":7,"minecraft:raw_iron":77,"securitycraft:reinforced_cobblestone":10,"minecraft:note_block":2,"minecraft:redstone":109,"biomesoplenty:redwood_planks":66,"minecraft:arrow":17,"biomesoplenty:jacaranda_log":131,"biomesoplenty:redwood_sapling":6,"minecraft:mutton":9,"minecraft:white_wool":3,"minecraft:leather":8,"minecraft:oak_log":5,"scalinghealth:bandages":1,"biomesoplenty:jacaranda_planks":12,"minecraft:yellow_bed":3,"minecraft:cobblestone_stairs":1,"biomesoplenty:redwood_button":1,"minecraft:apple":1,"minecraft:stone_bricks":34,"minecraft:iron_ingot":3,"minecraft:oak_fence_gate":1,"minecraft:stone_pickaxe":2,"securitycraft:universal_block_reinforcer_lvl1":1,"minecraft:book":94,"minecraft:tropical_fish_bucket":1,"scalinghealth:heart_crystal_shard":3,"minecraft:pumpkin":7,"minecraft:quartz":10,"minecraft:gravel":73,"mores:ruby_gem":2,"minecraft:amethyst_shard":4,"minecraft:white_bed":3,"minecraft:spider_eye":1,"villagersplus:oceanographer_table":3,"biomesoplenty:flowering_oak_sapling":1,"ars_nouveau:wilden_spike":6,"biomesoplenty:redwood_stairs":9,"alexsmobs:raw_catfish":1,"mores:anthracite":8,"minecraft:dark_oak_wood":9,"minecraft:coal":45},"minecraft:killed_by":{"minecraft:skeleton":1},"minecraft:mined":{"minecraft:spruce_planks":19,"minecraft:white_bed":2,"minecraft:cobblestone_stairs":1,"minecraft:granite":146,"minecraft:grass_block":192,"biomesoplenty:flowering_oak_leaves":2,"minecraft:coal_block":11,"mysticalagriculture:inferium_ore":7,"biomesoplenty:tall_lavender":8,"mores:deepslate_tourmaline_ore":6,"minecraft:iron_ore":65,"minecraft:cobbled_deepslate":1,"biomesoplenty:lavender":105,"minecraft:pumpkin":7,"minecraft:moss_carpet":6,"minecraft:deepslate_lapis_ore":8,"minecraft:pointed_dripstone":2,"mores:deepslate_sapphire_ore":1,"biomesoplenty:redwood_log":9,"biomesoplenty:jacaranda_leaves":3,"minecraft:deepslate_redstone_ore":20,"biomesoplenty:jacaranda_planks":12,"ars_nouveau:light_block":3,"mores:deepslate_anthracite_ore":10,"minecraft:note_block":2,"minecraft:torch":19,"minecraft:dark_oak_wood":3,"vinery:red_grape_bush":7,"minecraft:chest":7,"minecraft:glass":1,"minecraft:cobblestone":49,"minecraft:sugar_cane":20,"minecraft:oak_planks":17,"minecraft:bricks":2,"minecraft:wall_torch":23,"minecraft:grass":222,"minecraft:oak_log":5,"minecraft:oak_fence_gate":1,"twigs:schist":78,"minecraft:sand":26,"minecraft:dirt":287,"mores:silver_ore":8,"villagersplus:alchemist_table":1,"mysticalagriculture:deepslate_prosperity_ore":5,"twigs:rhyolite":215,"mores:deepslate_topaz_ore":3,"minecraft:oak_leaves":6,"minecraft:deepslate":1952,"villagersplus:oceanographer_table":1,"mysticalagriculture:prosperity_ore":4,"minecraft:tuff":161,"minecraft:deepslate_diamond_ore":11,"minecraft:dark_oak_fence":2,"minecraft:white_stained_glass":2,"minecraft:spruce_leaves":3,"minecraft:large_fern":3,"minecraft:redstone_ore":3,"biomesoplenty:jacaranda_log":132,"minecraft:furnace":1,"minecraft:andesite":81,"biomesoplenty:redwood_stairs":9,"mores:deepslate_cobalt_ore":4,"minecraft:bookshelf":15,"minecraft:deepslate_iron_ore":12,"minecraft:vine":2,"biomesoplenty:spider_egg":1,"minecraft:stone":1961,"minecraft:podzol":2,"biomesoplenty:redwood_planks":69,"mores:cobalt_ore":16,"minecraft:crafting_table":8,"minecraft:emerald_ore":3,"minecraft:copper_ore":17,"minecraft:tall_grass":31,"minecraft:deepslate_gold_ore":16,"minecraft:diorite":13,"mores:tin_ore":13,"mores:deepslate_ruby_ore":2,"mores:deepslate_tin_ore":1,"minecraft:yellow_bed":3,"minecraft:coal_ore":44,"biomesoplenty:redwood_leaves":117,"minecraft:gravel":80,"minecraft:stone_bricks":33,"biomesoplenty:redwood_wood":269,"minecraft:fern":15},"minecraft:custom":{"minecraft:interact_with_crafting_table":81,"minecraft:leave_game":14,"minecraft:time_since_death":195936,"minecraft:sprint_one_cm":695289,"minecraft:drop":144,"minecraft:play_noteblock":3,"minecraft:talked_to_villager":2,"minecraft:play_time":511505,"minecraft:deaths":1,"minecraft:jump":6740,"minecraft:walk_on_water_one_cm":132939,"minecraft:interact_with_furnace":36,"minecraft:sleep_in_bed":12,"minecraft:damage_dealt":9818,"minecraft:crouch_one_cm":8197,"minecraft:mob_kills":47,"minecraft:damage_dealt_resisted":6,"minecraft:climb_one_cm":39569,"minecraft:walk_one_cm":1415398,"minecraft:sneak_time":3827,"minecraft:walk_under_water_one_cm":30887,"minecraft:total_world_time":511505,"minecraft:time_since_rest":18769,"minecraft:damage_taken":4891,"minecraft:fly_one_cm":1021909,"minecraft:swim_one_cm":36855,"minecraft:open_chest":145,"minecraft:fall_one_cm":178355}},"DataVersion":3465}