{"stats":{"minecraft:crafted":{"hangglider:glider_framework":1,"vanillaplustools:wooden_hammer":1,"minecraft:oak_planks":20,"vanillaplustools:stone_hammer":4,"hangglider:hang_glider":1,"minecraft:stone":196,"securitycraft:keypad_item":2,"hangglider:glider_wing":2,"minecraft:heavy_weighted_pressure_plate":2,"minecraft:cooked_mutton":2,"minecraft:ladder":21,"minecraft:stone_pickaxe":42,"minecraft:chest":4,"biomesoplenty:redwood_stairs":12,"minecraft:stone_bricks":184,"minecraft:wooden_shovel":2,"biomesoplenty:redwood_sign":3,"minecraft:cooked_porkchop":11,"minecraft:crafting_table":5,"minecraft:wooden_pickaxe":9,"biomesoplenty:redwood_planks":562,"securitycraft:reinforced_stone_button":18,"minecraft:iron_sword":1,"minecraft:bucket":1,"minecraft:stone_axe":4,"minecraft:air":0,"securitycraft:reinforced_stone":10,"minecraft:stick":188,"minecraft:iron_pickaxe":1,"minecraft:iron_ingot":18,"minecraft:stone_sword":1},"minecraft:killed":{"alexsmobs:raccoon":2,"minecraft:vindicator":1,"minecraft:skeleton":3,"minecraft:chicken":3,"minecraft:silverfish":3,"minecraft:pig":4,"minecraft:sheep":7,"alexsmobs:catfish":1,"minecraft:pillager":2,"minecraft:donkey":4,"minecraft:zombie":10,"minecraft:cow":5},"minecraft:used":{"minecraft:moss_carpet":2,"minecraft:stone_sword":159,"biomesoplenty:redwood_planks":292,"minecraft:ladder":21,"minecraft:chest":11,"minecraft:spruce_planks":68,"minecraft:stone":1,"minecraft:iron_sword":275,"vanillaplustools:stone_hammer":411,"minecraft:wooden_shovel":120,"blue_skies:horizonite_chestplate":2,"minecraft:torch":51,"minecraft:dirt":56,"biomesoplenty:redwood_fence":15,"securitycraft:keypad_item":2,"minecraft:spruce_stairs":4,"villagersplus:oceanographer_table":1,"minecraft:granite":14,"biomesoplenty:redwood_sign":3,"minecraft:wooden_axe":60,"minecraft:grass_block":4,"biomesoplenty:redwood_wood":3,"blue_skies:horizonite_boots":3,"biomesoplenty:jacaranda_log":52,"minecraft:stone_bricks":198,"minecraft:beef":4,"minecraft:furnace":1,"minecraft:cobbled_deepslate":18,"vinery:red_grape":37,"alexsmobs:raw_catfish":1,"blue_skies:horizonite_leggings":2,"minecraft:water_bucket":15,"minecraft:diorite":5,"minecraft:stone_pickaxe":864,"minecraft:oak_planks":6,"minecraft:wooden_pickaxe":68,"minecraft:sugar_cane":8,"minecraft:oak_leaves":2,"blue_skies:horizonite_helmet":2,"minecraft:sand":9,"minecraft:crafting_table":11,"scalinghealth:cursed_heart":1,"minecraft:white_bed":1,"vanillaplustools:wooden_hammer":60,"minecraft:apple":5,"minecraft:bread":3,"minecraft:iron_pickaxe":96,"mores:sterling_boots":1,"minecraft:gravel":9,"create:white_seat":4,"minecraft:stone_axe":328,"minecraft:wooden_sword":59,"minecraft:cobblestone":337,"minecraft:cooked_porkchop":18,"minecraft:bucket":16,"biomesoplenty:redwood_stairs":15,"minecraft:yellow_bed":3,"vinery:red_grape_seeds":2,"minecraft:experience_bottle":3},"minecraft:broken":{"minecraft:wooden_shovel":2,"minecraft:stone_sword":1,"vanillaplustools:wooden_hammer":1,"minecraft:wooden_pickaxe":1,"minecraft:stone_pickaxe":5,"vanillaplustools:stone_hammer":3,"minecraft:stone_axe":2,"minecraft:wooden_axe":1},"minecraft:dropped":{"minecraft:water_bucket":1,"minecraft:iron_ingot":1,"storagenetwork:inventory_remote":1,"minecraft:candle":23,"minecraft:wheat_seeds":12,"biomesoplenty:lavender":106,"scalinghealth:heart_crystal_shard":3,"minecraft:cobblestone":232,"minecraft:coal":2,"minecraft:item_frame":4,"minecraft:flint":2,"minecraft:emerald":2,"minecraft:dirt":13,"ars_nouveau:worn_notebook":1,"minecraft:torch":3,"villagersplus:alchemist_table":1,"minecraft:dark_oak_wood":3,"biomesoplenty:flowering_oak_sapling":1,"minecraft:amethyst_shard":2,"minecraft:gold_nugget":3,"minecraft:sand":15,"villagersplus:oceanographer_table":1,"minecraft:string":4,"alexsmobs:raccoon_tail":2,"minecraft:white_wool":1,"minecraft:bone":1,"minecraft:redstone":25,"vinery:red_grape_seeds":3,"minecraft:moss_carpet":10,"ars_nouveau:wilden_spike":6,"minecraft:raw_copper":40,"minecraft:cobbled_deepslate":745,"biomesoplenty:redwood_sapling":6,"minecraft:tuff":51,"minecraft:obsidian":1,"minecraft:pointed_dripstone":3,"minecraft:rotten_flesh":10,"minecraft:white_bed":1,"mysticalagriculture:inferium_essence":18,"minecraft:fire_coral":1,"minecraft:oak_sapling":1,"minecraft:spider_eye":1,"minecraft:arrow":13,"minecraft:stone_pickaxe":1,"scalinghealth:bandages":1,"biomesoplenty:tall_lavender":7,"minecraft:quartz":10,"minecraft:spruce_sign":1},"minecraft:picked_up":{"minecraft:wooden_axe":1,"biomesoplenty:redwood_log":9,"minecraft:crafting_table":7,"vinery:red_grape":37,"minecraft:chicken":2,"storagenetwork:inventory_remote":1,"vinery:red_grape_seeds":8,"minecraft:fire_coral":1,"minecraft:string":4,"minecraft:moss_carpet":17,"minecraft:raw_copper":107,"biomesoplenty:tall_lavender":7,"mores:tourmaline_gem":6,"minecraft:item_frame":6,"minecraft:gold_nugget":3,"mysticalagriculture:inferium_essence":35,"minecraft:candle":9,"minecraft:cobbled_deepslate":1796,"twigs:pebble":20,"minecraft:spruce_planks":19,"minecraft:beef":11,"minecraft:poppy":2,"minecraft:iron_nugget":32,"alexsmobs:raccoon_tail":2,"biomesoplenty:redwood_wood":143,"minecraft:coal_block":11,"minecraft:sugar_cane":12,"minecraft:chest":7,"minecraft:furnace":1,"minecraft:raw_iron":77,"securitycraft:reinforced_cobblestone":10,"minecraft:torch":41,"mysticalagriculture:prosperity_shard":26,"minecraft:note_block":2,"minecraft:porkchop":11,"minecraft:pointed_dripstone":6,"mores:topaz_gem":3,"minecraft:diorite":13,"minecraft:redstone":109,"mores:raw_tin":25,"biomesoplenty:redwood_planks":58,"minecraft:arrow":17,"minecraft:rotten_flesh":10,"biomesoplenty:jacaranda_log":61,"ars_nouveau:worn_notebook":3,"biomesoplenty:redwood_sapling":6,"villagersplus:alchemist_table":4,"minecraft:obsidian":3,"minecraft:mutton":9,"minecraft:white_wool":3,"minecraft:cobblestone":2026,"biomesoplenty:lavender":108,"minecraft:feather":1,"minecraft:water_bucket":1,"minecraft:andesite":81,"minecraft:leather":8,"minecraft:flint":7,"minecraft:tuff":147,"minecraft:oak_log":5,"scalinghealth:bandages":1,"minecraft:yellow_bed":3,"minecraft:horn_coral":1,"minecraft:lapis_lazuli":51,"minecraft:lantern":1,"minecraft:dirt":81,"minecraft:bone":3,"minecraft:stone_bricks":34,"minecraft:wheat_seeds":48,"minecraft:raw_gold":16,"minecraft:stone_pickaxe":2,"minecraft:iron_ingot":3,"minecraft:oak_fence_gate":1,"securitycraft:universal_block_reinforcer_lvl1":1,"twigs:schist":70,"minecraft:oak_planks":15,"minecraft:book":94,"minecraft:tropical_fish_bucket":1,"scalinghealth:heart_crystal_shard":3,"minecraft:pumpkin":7,"patchouli:guide_book":2,"minecraft:quartz":10,"minecraft:gravel":73,"mores:ruby_gem":2,"minecraft:sand":26,"minecraft:amethyst_shard":4,"mores:raw_cobalt":20,"minecraft:white_bed":3,"securitycraft:reinforced_stone":8,"alexsmobs:animal_dictionary":1,"minecraft:spider_eye":1,"villagersplus:oceanographer_table":3,"biomesoplenty:flowering_oak_sapling":1,"ars_nouveau:wilden_spike":6,"alexsmobs:raw_catfish":1,"biomesoplenty:redwood_stairs":3,"minecraft:diamond":11,"mores:anthracite":8,"minecraft:granite":146,"minecraft:spruce_sign":4,"minecraft:emerald":9,"scalinghealth:cursed_heart":1,"mores:raw_silver":8,"minecraft:coal":45,"minecraft:oak_sapling":1,"minecraft:bricks":2,"twigs:rhyolite":205,"minecraft:dark_oak_wood":9},"minecraft:killed_by":{"minecraft:skeleton":1},"minecraft:mined":{"mysticalagriculture:prosperity_ore":4,"minecraft:tuff":161,"minecraft:spruce_planks":19,"minecraft:white_bed":2,"minecraft:deepslate_diamond_ore":11,"minecraft:granite":146,"minecraft:dark_oak_fence":2,"minecraft:grass_block":27,"biomesoplenty:flowering_oak_leaves":2,"minecraft:white_stained_glass":2,"minecraft:coal_block":11,"minecraft:spruce_leaves":3,"mysticalagriculture:inferium_ore":7,"minecraft:large_fern":3,"minecraft:redstone_ore":3,"biomesoplenty:jacaranda_log":62,"biomesoplenty:tall_lavender":3,"mores:deepslate_tourmaline_ore":6,"minecraft:furnace":1,"minecraft:iron_ore":65,"minecraft:cobbled_deepslate":1,"biomesoplenty:lavender":49,"minecraft:andesite":81,"minecraft:moss_carpet":6,"minecraft:pumpkin":7,"minecraft:deepslate_lapis_ore":8,"biomesoplenty:redwood_stairs":3,"mores:deepslate_cobalt_ore":4,"minecraft:bookshelf":15,"minecraft:pointed_dripstone":2,"minecraft:vine":2,"mores:deepslate_sapphire_ore":1,"minecraft:deepslate_iron_ore":12,"biomesoplenty:redwood_log":9,"minecraft:stone":1802,"biomesoplenty:spider_egg":1,"minecraft:podzol":2,"biomesoplenty:jacaranda_leaves":2,"minecraft:deepslate_redstone_ore":20,"biomesoplenty:redwood_planks":61,"mores:cobalt_ore":16,"ars_nouveau:light_block":3,"mores:deepslate_anthracite_ore":10,"minecraft:crafting_table":7,"minecraft:torch":16,"minecraft:note_block":2,"minecraft:dark_oak_wood":3,"minecraft:emerald_ore":3,"vinery:red_grape_bush":5,"minecraft:chest":7,"minecraft:tall_grass":24,"minecraft:glass":1,"minecraft:copper_ore":17,"minecraft:cobblestone":28,"minecraft:deepslate_gold_ore":16,"minecraft:oak_planks":17,"minecraft:sugar_cane":7,"minecraft:bricks":2,"minecraft:diorite":13,"mores:tin_ore":7,"minecraft:wall_torch":16,"mores:deepslate_ruby_ore":2,"mores:deepslate_tin_ore":1,"minecraft:yellow_bed":3,"minecraft:grass":128,"minecraft:coal_ore":44,"minecraft:oak_log":5,"biomesoplenty:redwood_leaves":116,"minecraft:oak_fence_gate":1,"twigs:schist":78,"minecraft:gravel":80,"minecraft:sand":26,"minecraft:dirt":41,"mores:silver_ore":8,"villagersplus:alchemist_table":1,"mysticalagriculture:deepslate_prosperity_ore":5,"twigs:rhyolite":215,"minecraft:stone_bricks":33,"biomesoplenty:redwood_wood":147,"mores:deepslate_topaz_ore":3,"minecraft:oak_leaves":5,"minecraft:deepslate":1952,"minecraft:fern":15,"villagersplus:oceanographer_table":1},"minecraft:custom":{"minecraft:mob_kills":45,"minecraft:interact_with_crafting_table":74,"minecraft:leave_game":12,"minecraft:time_since_death":129946,"minecraft:climb_one_cm":39345,"minecraft:sprint_one_cm":585824,"minecraft:walk_one_cm":1203993,"minecraft:drop":142,"minecraft:play_noteblock":3,"minecraft:talked_to_villager":1,"minecraft:play_time":445515,"minecraft:deaths":1,"minecraft:sneak_time":3779,"minecraft:walk_under_water_one_cm":22593,"minecraft:jump":5749,"minecraft:walk_on_water_one_cm":96375,"minecraft:total_world_time":445515,"minecraft:interact_with_furnace":34,"minecraft:sleep_in_bed":10,"minecraft:time_since_rest":84231,"minecraft:damage_taken":4172,"minecraft:damage_dealt":8688,"minecraft:swim_one_cm":30281,"minecraft:fly_one_cm":858209,"minecraft:open_chest":128,"minecraft:crouch_one_cm":8056,"minecraft:fall_one_cm":154585}},"DataVersion":3465}