{"stats":{"minecraft:used":{"minecraft:moss_carpet":2,"minecraft:stone_sword":159,"biomesoplenty:redwood_planks":279,"minecraft:ladder":21,"minecraft:chest":8,"minecraft:spruce_planks":68,"minecraft:iron_sword":248,"minecraft:wooden_shovel":97,"blue_skies:horizonite_chestplate":2,"minecraft:torch":46,"minecraft:dirt":56,"securitycraft:keypad_item":1,"biomesoplenty:redwood_fence":15,"minecraft:spruce_stairs":4,"minecraft:wooden_axe":60,"minecraft:grass_block":4,"biomesoplenty:redwood_wood":3,"blue_skies:horizonite_boots":3,"biomesoplenty:jacaranda_log":52,"minecraft:stone_bricks":132,"minecraft:beef":4,"minecraft:furnace":1,"vinery:red_grape":37,"alexsmobs:raw_catfish":1,"blue_skies:horizonite_leggings":2,"minecraft:water_bucket":5,"minecraft:stone_pickaxe":707,"minecraft:oak_planks":6,"minecraft:wooden_pickaxe":68,"minecraft:sugar_cane":8,"minecraft:oak_leaves":2,"blue_skies:horizonite_helmet":2,"minecraft:sand":9,"minecraft:crafting_table":7,"scalinghealth:cursed_heart":1,"minecraft:white_bed":1,"minecraft:apple":3,"minecraft:bread":3,"minecraft:iron_pickaxe":4,"mores:sterling_boots":1,"minecraft:gravel":9,"create:white_seat":4,"minecraft:stone_axe":319,"minecraft:wooden_sword":59,"minecraft:cobblestone":238,"minecraft:cooked_porkchop":16,"minecraft:bucket":6,"minecraft:yellow_bed":3,"biomesoplenty:redwood_stairs":15,"vinery:red_grape_seeds":2,"minecraft:experience_bottle":3},"minecraft:killed_by":{"minecraft:skeleton":1},"minecraft:broken":{"minecraft:wooden_shovel":1,"minecraft:stone_sword":1,"minecraft:wooden_pickaxe":1,"minecraft:stone_pickaxe":5,"minecraft:stone_axe":2,"minecraft:wooden_axe":1},"minecraft:picked_up":{"minecraft:wooden_axe":1,"biomesoplenty:redwood_log":9,"minecraft:crafting_table":5,"vinery:red_grape":37,"storagenetwork:inventory_remote":1,"minecraft:chicken":2,"vinery:red_grape_seeds":8,"minecraft:fire_coral":1,"minecraft:string":4,"minecraft:moss_carpet":17,"minecraft:raw_copper":85,"minecraft:item_frame":6,"biomesoplenty:tall_lavender":7,"minecraft:candle":9,"mysticalagriculture:inferium_essence":19,"minecraft:gold_nugget":3,"minecraft:cobbled_deepslate":1,"twigs:pebble":3,"minecraft:spruce_planks":19,"minecraft:beef":11,"minecraft:poppy":2,"minecraft:iron_nugget":32,"alexsmobs:raccoon_tail":2,"biomesoplenty:redwood_wood":136,"minecraft:coal_block":11,"minecraft:sugar_cane":12,"minecraft:chest":7,"minecraft:furnace":1,"minecraft:raw_iron":56,"securitycraft:reinforced_cobblestone":10,"minecraft:torch":35,"minecraft:note_block":2,"minecraft:porkchop":11,"minecraft:pointed_dripstone":6,"minecraft:redstone":4,"biomesoplenty:redwood_planks":58,"minecraft:arrow":17,"minecraft:rotten_flesh":10,"biomesoplenty:jacaranda_log":61,"ars_nouveau:worn_notebook":3,"biomesoplenty:redwood_sapling":6,"villagersplus:alchemist_table":4,"minecraft:obsidian":3,"minecraft:mutton":9,"minecraft:white_wool":3,"minecraft:cobblestone":672,"biomesoplenty:lavender":108,"minecraft:feather":1,"minecraft:leather":8,"minecraft:flint":2,"minecraft:oak_log":5,"scalinghealth:bandages":1,"minecraft:yellow_bed":3,"minecraft:horn_coral":1,"minecraft:lantern":1,"minecraft:dirt":81,"minecraft:bone":3,"minecraft:stone_bricks":33,"minecraft:wheat_seeds":46,"minecraft:iron_ingot":2,"minecraft:stone_pickaxe":1,"minecraft:oak_fence_gate":1,"securitycraft:universal_block_reinforcer_lvl1":1,"minecraft:oak_planks":15,"minecraft:book":94,"minecraft:tropical_fish_bucket":1,"scalinghealth:heart_crystal_shard":3,"minecraft:pumpkin":6,"patchouli:guide_book":2,"minecraft:quartz":10,"minecraft:gravel":14,"minecraft:sand":26,"minecraft:amethyst_shard":4,"minecraft:white_bed":3,"alexsmobs:animal_dictionary":1,"minecraft:spider_eye":1,"villagersplus:oceanographer_table":3,"biomesoplenty:flowering_oak_sapling":1,"ars_nouveau:wilden_spike":6,"alexsmobs:raw_catfish":1,"biomesoplenty:redwood_stairs":3,"minecraft:spruce_sign":4,"scalinghealth:cursed_heart":1,"minecraft:emerald":9,"mores:raw_silver":8,"minecraft:bricks":2,"minecraft:oak_sapling":1,"minecraft:dark_oak_wood":9,"minecraft:coal":26},"minecraft:killed":{"alexsmobs:raccoon":2,"minecraft:vindicator":1,"minecraft:skeleton":2,"minecraft:chicken":3,"minecraft:silverfish":3,"minecraft:pig":4,"minecraft:sheep":7,"alexsmobs:catfish":1,"minecraft:pillager":2,"minecraft:zombie":10,"minecraft:donkey":4,"minecraft:cow":5},"minecraft:dropped":{"minecraft:spruce_sign":1,"minecraft:iron_ingot":1,"storagenetwork:inventory_remote":1,"minecraft:candle":23,"minecraft:wheat_seeds":12,"biomesoplenty:lavender":106,"scalinghealth:heart_crystal_shard":3,"minecraft:cobblestone":64,"minecraft:coal":2,"minecraft:item_frame":4,"minecraft:flint":2,"minecraft:emerald":2,"minecraft:dirt":13,"ars_nouveau:worn_notebook":1,"minecraft:torch":3,"minecraft:dark_oak_wood":3,"villagersplus:alchemist_table":1,"biomesoplenty:flowering_oak_sapling":1,"minecraft:gold_nugget":3,"minecraft:amethyst_shard":2,"minecraft:sand":15,"villagersplus:oceanographer_table":1,"minecraft:string":4,"alexsmobs:raccoon_tail":2,"minecraft:white_wool":1,"minecraft:bone":1,"minecraft:redstone":2,"vinery:red_grape_seeds":3,"minecraft:moss_carpet":10,"ars_nouveau:wilden_spike":6,"minecraft:cobbled_deepslate":1,"minecraft:raw_copper":40,"biomesoplenty:redwood_sapling":6,"minecraft:obsidian":1,"minecraft:pointed_dripstone":3,"minecraft:rotten_flesh":10,"minecraft:white_bed":1,"mysticalagriculture:inferium_essence":6,"minecraft:fire_coral":1,"minecraft:oak_sapling":1,"minecraft:spider_eye":1,"minecraft:arrow":13,"minecraft:stone_pickaxe":1,"scalinghealth:bandages":1,"minecraft:quartz":10,"biomesoplenty:tall_lavender":7},"minecraft:custom":{"minecraft:mob_kills":44,"minecraft:interact_with_crafting_table":43,"minecraft:leave_game":11,"minecraft:time_since_death":25551,"minecraft:climb_one_cm":39345,"minecraft:sprint_one_cm":509745,"minecraft:walk_one_cm":901614,"minecraft:drop":96,"minecraft:play_noteblock":3,"minecraft:play_time":341120,"minecraft:deaths":1,"minecraft:sneak_time":3764,"minecraft:walk_under_water_one_cm":22179,"minecraft:jump":5081,"minecraft:walk_on_water_one_cm":89956,"minecraft:total_world_time":341120,"minecraft:interact_with_furnace":28,"minecraft:sleep_in_bed":9,"minecraft:time_since_rest":25708,"minecraft:damage_taken":3936,"minecraft:damage_dealt":8367,"minecraft:swim_one_cm":30281,"minecraft:fly_one_cm":837492,"minecraft:open_chest":104,"minecraft:crouch_one_cm":8030,"minecraft:fall_one_cm":151399},"minecraft:mined":{"minecraft:spruce_planks":19,"minecraft:white_bed":2,"minecraft:dark_oak_fence":2,"minecraft:grass_block":26,"biomesoplenty:flowering_oak_leaves":2,"minecraft:white_stained_glass":2,"minecraft:coal_block":11,"minecraft:spruce_leaves":3,"mysticalagriculture:inferium_ore":4,"minecraft:large_fern":3,"biomesoplenty:jacaranda_log":62,"biomesoplenty:tall_lavender":3,"minecraft:furnace":1,"minecraft:iron_ore":56,"biomesoplenty:lavender":49,"minecraft:moss_carpet":6,"minecraft:pumpkin":6,"biomesoplenty:redwood_stairs":3,"minecraft:bookshelf":15,"minecraft:pointed_dripstone":2,"minecraft:vine":2,"biomesoplenty:redwood_log":9,"minecraft:stone":565,"biomesoplenty:spider_egg":1,"minecraft:podzol":2,"biomesoplenty:jacaranda_leaves":2,"biomesoplenty:redwood_planks":61,"ars_nouveau:light_block":3,"minecraft:crafting_table":5,"minecraft:torch":15,"minecraft:note_block":2,"minecraft:dark_oak_wood":3,"minecraft:emerald_ore":3,"vinery:red_grape_bush":5,"minecraft:chest":7,"minecraft:tall_grass":23,"minecraft:glass":1,"minecraft:copper_ore":11,"minecraft:cobblestone":17,"minecraft:oak_planks":17,"minecraft:sugar_cane":7,"minecraft:bricks":2,"minecraft:wall_torch":11,"minecraft:yellow_bed":3,"minecraft:grass":126,"minecraft:oak_log":5,"minecraft:coal_ore":22,"biomesoplenty:redwood_leaves":116,"minecraft:oak_fence_gate":1,"minecraft:gravel":16,"minecraft:sand":26,"minecraft:dirt":41,"mores:silver_ore":8,"villagersplus:alchemist_table":1,"minecraft:stone_bricks":32,"biomesoplenty:redwood_wood":139,"minecraft:oak_leaves":5,"minecraft:deepslate":1,"minecraft:fern":15,"villagersplus:oceanographer_table":1},"minecraft:crafted":{"hangglider:glider_framework":1,"minecraft:oak_planks":20,"hangglider:hang_glider":1,"minecraft:stone":127,"securitycraft:keypad_item":1,"hangglider:glider_wing":2,"minecraft:heavy_weighted_pressure_plate":1,"minecraft:ladder":21,"minecraft:stone_pickaxe":7,"minecraft:chest":1,"biomesoplenty:redwood_stairs":12,"minecraft:stone_bricks":124,"minecraft:wooden_shovel":2,"minecraft:crafting_table":2,"securitycraft:reinforced_stone_button":10,"biomesoplenty:redwood_planks":562,"minecraft:iron_sword":1,"minecraft:bucket":1,"minecraft:stone_axe":3,"securitycraft:reinforced_stone":10,"minecraft:stick":96,"minecraft:iron_pickaxe":1,"minecraft:iron_ingot":18,"minecraft:stone_sword":1}},"DataVersion":3465}