{"stats":{"minecraft:picked_up":{"minecraft:wooden_axe":1,"vinery:red_grape":109,"storagenetwork:inventory_remote":1,"framedblocks:framed_door":1,"minecraft:lead":2,"vinery:red_grape_seeds":13,"minecraft:string":4,"minecraft:raw_copper":107,"mores:tourmaline_gem":6,"biomesoplenty:tall_lavender":14,"mysticalagriculture:inferium_essence":43,"minecraft:gold_nugget":3,"minecraft:cobbled_deepslate":1796,"twigs:pebble":20,"minecraft:spruce_planks":19,"alexsmobs:raccoon_tail":2,"biomesoplenty:redwood_wood":266,"minecraft:coal_block":11,"minecraft:furnace":2,"minecraft:torch":74,"mysticalagriculture:prosperity_shard":26,"minecraft:porkchop":11,"mores:topaz_gem":3,"minecraft:pointed_dripstone":6,"minecraft:diorite":21,"mores:raw_tin":67,"minecraft:rotten_flesh":10,"ars_nouveau:worn_notebook":3,"supplementaries:ash":1,"villagersplus:alchemist_table":4,"minecraft:obsidian":3,"minecraft:cod":2,"alexsmobs:flying_fish":1,"minecraft:cobblestone":2701,"biomesoplenty:lavender":162,"minecraft:feather":1,"minecraft:cooked_beef":1,"minecraft:water_bucket":1,"minecraft:andesite":81,"minecraft:flint":7,"minecraft:tuff":147,"minecraft:horn_coral":1,"minecraft:lapis_lazuli":51,"minecraft:dirt":651,"minecraft:lantern":1,"minecraft:bone":5,"minecraft:wheat_seeds":72,"minecraft:raw_gold":16,"twigs:schist":70,"twigs:twig":2,"minecraft:oak_planks":15,"patchouli:guide_book":2,"minecraft:sand":50,"mores:raw_cobalt":20,"securitycraft:reinforced_stone":8,"minecraft:grass_block":1,"alexsmobs:animal_dictionary":1,"minecraft:diamond":11,"minecraft:granite":146,"minecraft:spruce_sign":4,"scalinghealth:cursed_heart":1,"minecraft:emerald":9,"twigs:rhyolite":205,"minecraft:oak_sapling":1,"mores:raw_silver":8,"minecraft:bricks":2,"biomesoplenty:redwood_log":9,"minecraft:crafting_table":9,"minecraft:chicken":2,"biomesoplenty:jacaranda_sapling":1,"minecraft:fire_coral":1,"minecraft:moss_carpet":17,"minecraft:item_frame":6,"minecraft:candle":9,"minecraft:beef":11,"minecraft:iron_nugget":32,"minecraft:poppy":2,"minecraft:sugar_cane":51,"minecraft:chest":7,"minecraft:raw_iron":77,"securitycraft:reinforced_cobblestone":10,"minecraft:note_block":2,"minecraft:redstone":109,"biomesoplenty:redwood_planks":132,"minecraft:arrow":19,"biomesoplenty:jacaranda_log":219,"biomesoplenty:redwood_sapling":6,"minecraft:mutton":9,"minecraft:white_wool":3,"minecraft:oxeye_daisy":1,"minecraft:salmon":1,"minecraft:leather":8,"biomesoplenty:redwood_sign":3,"minecraft:oak_log":5,"scalinghealth:bandages":1,"securitycraft:keypad_chest":2,"minecraft:yellow_bed":5,"biomesoplenty:jacaranda_planks":13,"minecraft:cobblestone_stairs":3,"vinery:savanna_grapes_white":2,"biomesoplenty:redwood_button":1,"minecraft:apple":1,"minecraft:stone_bricks":34,"minecraft:iron_ingot":3,"minecraft:oak_fence_gate":1,"minecraft:stone_pickaxe":2,"securitycraft:universal_block_reinforcer_lvl1":1,"minecraft:book":94,"minecraft:tropical_fish_bucket":1,"scalinghealth:heart_crystal_shard":3,"minecraft:pumpkin":7,"minecraft:quartz":10,"minecraft:dandelion":2,"minecraft:gravel":73,"mores:ruby_gem":2,"minecraft:amethyst_shard":4,"minecraft:white_bed":5,"minecraft:spider_eye":1,"villagersplus:oceanographer_table":3,"biomesoplenty:flowering_oak_sapling":1,"ars_nouveau:wilden_spike":6,"biomesoplenty:redwood_stairs":9,"alexsmobs:raw_catfish":1,"minecraft:stone_axe":1,"mores:anthracite":8,"minecraft:dark_oak_wood":9,"minecraft:coal":45},"minecraft:killed_by":{"minecraft:player":2,"minecraft:skeleton":1},"minecraft:dropped":{"minecraft:spruce_sign":1,"storagenetwork:inventory_remote":1,"minecraft:candle":23,"minecraft:item_frame":4,"minecraft:emerald":2,"minecraft:flint":2,"minecraft:dirt":14,"alexsmobs:flying_fish":1,"minecraft:dark_oak_wood":3,"biomesoplenty:flowering_oak_sapling":1,"villagersplus:alchemist_table":1,"minecraft:gold_nugget":3,"minecraft:amethyst_shard":2,"minecraft:sand":15,"alexsmobs:raccoon_tail":2,"minecraft:white_wool":1,"minecraft:bone":1,"vinery:red_grape_seeds":3,"minecraft:stone_axe":1,"minecraft:cobbled_deepslate":745,"ars_nouveau:wilden_spike":6,"biomesoplenty:redwood_sapling":6,"minecraft:obsidian":1,"minecraft:pointed_dripstone":3,"minecraft:rotten_flesh":10,"minecraft:white_bed":2,"biomesoplenty:redwood_button":1,"mysticalagriculture:inferium_essence":18,"minecraft:arrow":13,"minecraft:quartz":10,"biomesoplenty:tall_lavender":7,"minecraft:water_bucket":1,"minecraft:iron_ingot":1,"minecraft:wheat_seeds":12,"minecraft:lead":2,"biomesoplenty:lavender":106,"scalinghealth:heart_crystal_shard":3,"minecraft:cobblestone":232,"minecraft:coal":2,"ars_nouveau:worn_notebook":1,"minecraft:torch":3,"villagersplus:oceanographer_table":1,"minecraft:string":4,"minecraft:dandelion":1,"minecraft:redstone":25,"minecraft:moss_carpet":10,"minecraft:raw_copper":40,"minecraft:tuff":51,"biomesoplenty:redwood_planks":64,"minecraft:filled_map":1,"minecraft:fire_coral":1,"minecraft:oak_sapling":1,"minecraft:spider_eye":1,"vinery:savanna_grapes_white":1,"minecraft:stone_pickaxe":1,"scalinghealth:bandages":1},"minecraft:mined":{"minecraft:spruce_planks":19,"minecraft:white_bed":3,"minecraft:cobblestone_stairs":3,"minecraft:granite":146,"minecraft:grass_block":207,"biomesoplenty:flowering_oak_leaves":2,"minecraft:coal_block":11,"mysticalagriculture:inferium_ore":10,"biomesoplenty:tall_lavender":10,"mores:deepslate_tourmaline_ore":6,"minecraft:iron_ore":65,"minecraft:cobbled_deepslate":1,"biomesoplenty:lavender":106,"minecraft:moss_carpet":6,"minecraft:pumpkin":7,"minecraft:deepslate_lapis_ore":8,"minecraft:pointed_dripstone":2,"mores:deepslate_sapphire_ore":1,"biomesoplenty:redwood_log":9,"biomesoplenty:redwood_wall_sign":3,"biomesoplenty:jacaranda_leaves":18,"minecraft:deepslate_redstone_ore":20,"framedblocks:framed_door":1,"biomesoplenty:jacaranda_planks":13,"ars_nouveau:light_block":3,"mores:deepslate_anthracite_ore":10,"minecraft:note_block":2,"minecraft:torch":27,"minecraft:dark_oak_wood":3,"vinery:red_grape_bush":7,"minecraft:chest":7,"minecraft:glass":1,"minecraft:cobblestone":134,"minecraft:sugar_cane":22,"minecraft:oak_planks":17,"minecraft:bricks":2,"minecraft:wall_torch":31,"minecraft:seagrass":1,"minecraft:grass":228,"minecraft:oak_log":5,"minecraft:oak_fence_gate":1,"twigs:schist":78,"minecraft:sand":51,"minecraft:dirt":423,"mores:silver_ore":8,"villagersplus:alchemist_table":1,"mysticalagriculture:deepslate_prosperity_ore":5,"twigs:rhyolite":215,"mores:deepslate_topaz_ore":3,"minecraft:oak_leaves":6,"minecraft:deepslate":1952,"villagersplus:oceanographer_table":1,"mysticalagriculture:prosperity_ore":4,"minecraft:tuff":161,"minecraft:deepslate_diamond_ore":11,"minecraft:dark_oak_fence":2,"minecraft:white_stained_glass":2,"minecraft:spruce_leaves":3,"minecraft:large_fern":3,"minecraft:redstone_ore":3,"biomesoplenty:jacaranda_log":220,"minecraft:furnace":2,"minecraft:andesite":81,"biomesoplenty:redwood_stairs":9,"mores:deepslate_cobalt_ore":4,"minecraft:bookshelf":15,"minecraft:deepslate_iron_ore":12,"minecraft:vine":2,"biomesoplenty:spider_egg":1,"minecraft:stone":2388,"minecraft:podzol":2,"biomesoplenty:redwood_planks":69,"mores:cobalt_ore":16,"minecraft:crafting_table":9,"minecraft:emerald_ore":3,"minecraft:copper_ore":17,"minecraft:tall_grass":35,"minecraft:deepslate_gold_ore":16,"minecraft:diorite":21,"mores:tin_ore":20,"mores:deepslate_ruby_ore":2,"mores:deepslate_tin_ore":1,"minecraft:yellow_bed":5,"minecraft:coal_ore":44,"biomesoplenty:redwood_leaves":117,"minecraft:gravel":80,"minecraft:stone_bricks":33,"biomesoplenty:redwood_wood":269,"minecraft:fern":15},"minecraft:killed":{"minecraft:skeleton":4,"minecraft:chicken":3,"minecraft:silverfish":3,"minecraft:pig":4,"minecraft:sheep":7,"minecraft:pillager":2,"minecraft:trader_llama":1,"minecraft:zombie":11,"minecraft:donkey":4,"minecraft:cow":5,"alexsmobs:raccoon":2,"minecraft:vindicator":1,"alexsmobs:catfish":1,"minecraft:enderman":1},"minecraft:crafted":{"minecraft:oak_planks":20,"minecraft:smooth_stone":9,"hangglider:hang_glider":1,"minecraft:cooked_chicken":2,"minecraft:cobblestone_stairs":20,"minecraft:stone":206,"securitycraft:keypad_item":2,"minecraft:heavy_weighted_pressure_plate":2,"minecraft:cooked_mutton":9,"minecraft:glass":13,"minecraft:iron_boots":1,"minecraft:chest":16,"minecraft:stone_hoe":1,"minecraft:stone_bricks":184,"vanillaplustools:wooden_shovel":1,"minecraft:wooden_shovel":11,"biomesoplenty:redwood_sign":3,"biomesoplenty:jacaranda_planks":268,"minecraft:cooked_porkchop":11,"minecraft:crafting_table":5,"securitycraft:reinforced_stone_button":18,"minecraft:iron_helmet":1,"minecraft:wooden_pickaxe":9,"minecraft:pumpkin_seeds":4,"biomesoplenty:redwood_button":1,"biomesoplenty:redwood_boat":1,"minecraft:iron_chestplate":1,"minecraft:shield":1,"minecraft:stick":262,"minecraft:iron_ingot":71,"minecraft:iron_pickaxe":1,"minecraft:stone_sword":1,"framedblocks:framed_trapdoor":1,"minecraft:shears":1,"hangglider:glider_framework":1,"vanillaplustools:wooden_hammer":1,"vanillaplustools:stone_hammer":4,"minecraft:smooth_stone_slab":6,"minecraft:furnace":2,"hangglider:glider_wing":2,"minecraft:ladder":24,"securitycraft:universal_block_remover":1,"minecraft:stone_pickaxe":42,"biomesoplenty:redwood_stairs":20,"minecraft:cooked_beef":7,"biomesoplenty:redwood_planks":1082,"framedblocks:framed_door":3,"minecraft:iron_sword":1,"minecraft:bucket":1,"minecraft:stone_axe":6,"minecraft:air":0,"securitycraft:reinforced_stone":10,"framedblocks:framed_cube":16,"framedblocks:framed_slab":12,"minecraft:iron_leggings":1,"minecraft:armor_stand":1,"minecraft:torch":16},"minecraft:custom":{"minecraft:interact_with_crafting_table":109,"minecraft:open_barrel":13,"minecraft:leave_game":15,"minecraft:time_since_death":100529,"minecraft:sprint_one_cm":884725,"minecraft:drop":153,"minecraft:play_noteblock":3,"minecraft:talked_to_villager":2,"minecraft:play_time":635215,"minecraft:deaths":3,"minecraft:jump":7979,"minecraft:walk_on_water_one_cm":168069,"minecraft:interact_with_furnace":69,"minecraft:sleep_in_bed":16,"minecraft:damage_dealt":10449,"minecraft:crouch_one_cm":8617,"minecraft:mob_kills":49,"minecraft:damage_dealt_resisted":42,"minecraft:climb_one_cm":53155,"minecraft:walk_one_cm":1713796,"minecraft:sneak_time":4224,"minecraft:walk_under_water_one_cm":61312,"minecraft:total_world_time":635215,"minecraft:tune_noteblock":15,"minecraft:time_since_rest":13174,"minecraft:damage_taken":5878,"minecraft:fly_one_cm":1209968,"minecraft:swim_one_cm":62164,"minecraft:open_chest":270,"minecraft:fall_one_cm":207292},"minecraft:used":{"minecraft:moss_carpet":2,"minecraft:ladder":23,"minecraft:chest":23,"minecraft:stone":1,"minecraft:iron_sword":352,"minecraft:iron_chestplate":1,"blue_skies:horizonite_chestplate":2,"securitycraft:keypad_item":2,"biomesoplenty:redwood_fence":15,"biomesoplenty:redwood_sign":6,"minecraft:glass":13,"minecraft:grass_block":5,"minecraft:iron_helmet":1,"minecraft:stone_bricks":198,"vanillaplustools:wooden_shovel":71,"biomesoplenty:jacaranda_sapling":1,"minecraft:furnace":4,"alexsmobs:raw_catfish":1,"blue_skies:horizonite_leggings":2,"minecraft:diorite":5,"minecraft:oak_planks":6,"framedblocks:framed_door":2,"minecraft:stone_pickaxe":928,"minecraft:wooden_pickaxe":68,"minecraft:sugar_cane":16,"minecraft:oak_leaves":2,"blue_skies:horizonite_helmet":2,"minecraft:sand":9,"scalinghealth:cursed_heart":1,"securitycraft:universal_block_remover":2,"minecraft:note_block":1,"minecraft:pumpkin_seeds":4,"biomesoplenty:jacaranda_planks":259,"minecraft:bread":3,"minecraft:gravel":9,"create:white_seat":4,"minecraft:wooden_sword":59,"minecraft:experience_bottle":3,"minecraft:stone_sword":159,"minecraft:armor_stand":1,"securitycraft:keypad_chest":2,"biomesoplenty:redwood_planks":300,"minecraft:spruce_planks":68,"vanillaplustools:stone_hammer":496,"minecraft:wooden_shovel":179,"minecraft:stone_hoe":4,"minecraft:cooked_chicken":2,"minecraft:torch":92,"minecraft:dirt":477,"villagersplus:oceanographer_table":1,"minecraft:spruce_stairs":4,"minecraft:granite":14,"minecraft:wooden_axe":60,"biomesoplenty:redwood_wood":3,"minecraft:iron_boots":1,"blue_skies:horizonite_boots":3,"biomesoplenty:redwood_boat":1,"biomesoplenty:jacaranda_log":143,"minecraft:beef":4,"minecraft:cooked_beef":1,"minecraft:cobbled_deepslate":18,"framedblocks:framed_trapdoor":1,"vinery:red_grape":76,"minecraft:iron_leggings":1,"minecraft:cooked_mutton":1,"minecraft:water_bucket":39,"minecraft:cobblestone_stairs":21,"minecraft:crafting_table":14,"minecraft:white_bed":2,"minecraft:apple":7,"vanillaplustools:wooden_hammer":60,"minecraft:iron_pickaxe":96,"mores:sterling_boots":1,"minecraft:stone_axe":663,"minecraft:cobblestone":862,"minecraft:cooked_porkchop":18,"minecraft:bucket":40,"minecraft:yellow_bed":5,"biomesoplenty:redwood_stairs":21,"vinery:red_grape_seeds":16},"minecraft:broken":{"minecraft:wooden_shovel":3,"vanillaplustools:wooden_hammer":1,"minecraft:stone_pickaxe":5,"minecraft:stone_axe":4,"minecraft:wooden_axe":1,"minecraft:stone_sword":1,"vanillaplustools:wooden_shovel":1,"blue_skies:horizonite_helmet":1,"minecraft:wooden_pickaxe":1,"vanillaplustools:stone_hammer":3}},"DataVersion":3465}