{"stats":{"minecraft:mined":{"minecraft:grass":3},"minecraft:dropped":{"minecraft:wheat_seeds":1},"minecraft:used":{"artifacts:eternal_steak":1},"minecraft:custom":{"minecraft:jump":58,"minecraft:open_chest":1,"minecraft:time_since_rest":2223,"minecraft:damage_dealt":249,"minecraft:deaths":1,"minecraft:sprint_one_cm":7122,"minecraft:play_time":10532,"minecraft:damage_taken":504,"minecraft:time_since_death":2192,"minecraft:walk_one_cm":11187,"minecraft:sneak_time":3,"minecraft:total_world_time":10532,"minecraft:drop":1,"minecraft:fall_one_cm":6254,"minecraft:fly_one_cm":11711},"minecraft:picked_up":{"artifacts:eternal_steak":1,"minecraft:wheat_seeds":1}},"DataVersion":3465}