{"stats":{"minecraft:dropped":{"minecraft:spruce_sign":1,"minecraft:moss_carpet":10,"minecraft:candle":23,"ars_nouveau:wilden_spike":6,"biomesoplenty:redwood_sapling":6,"biomesoplenty:lavender":4,"minecraft:white_bed":1,"minecraft:item_frame":4,"minecraft:dirt":11,"villagersplus:alchemist_table":1,"mysticalagriculture:inferium_essence":1,"minecraft:fire_coral":1,"minecraft:gold_nugget":3,"minecraft:arrow":8,"minecraft:quartz":10,"minecraft:bone":1,"minecraft:redstone":1},"minecraft:custom":{"minecraft:mob_kills":1,"minecraft:interact_with_crafting_table":8,"minecraft:leave_game":5,"minecraft:time_since_death":67259,"minecraft:sleep_in_bed":2,"minecraft:climb_one_cm":19406,"minecraft:time_since_rest":1843,"minecraft:sprint_one_cm":110240,"minecraft:damage_taken":245,"minecraft:walk_one_cm":169486,"minecraft:drop":33,"minecraft:damage_dealt":119,"minecraft:play_noteblock":3,"minecraft:swim_one_cm":1256,"minecraft:fly_one_cm":197486,"minecraft:open_chest":35,"minecraft:crouch_one_cm":5348,"minecraft:play_time":67259,"minecraft:sneak_time":1671,"minecraft:walk_under_water_one_cm":494,"minecraft:jump":807,"minecraft:walk_on_water_one_cm":2066,"minecraft:total_world_time":67259,"minecraft:fall_one_cm":19216},"minecraft:killed":{"minecraft:silverfish":1},"minecraft:mined":{"minecraft:podzol":1,"biomesoplenty:redwood_planks":39,"minecraft:white_bed":2,"minecraft:crafting_table":3,"minecraft:torch":3,"minecraft:note_block":2,"minecraft:grass_block":5,"minecraft:chest":4,"minecraft:white_stained_glass":2,"minecraft:glass":1,"minecraft:copper_ore":1,"minecraft:tall_grass":1,"minecraft:bricks":2,"minecraft:wall_torch":1,"minecraft:large_fern":2,"minecraft:furnace":1,"biomesoplenty:lavender":3,"minecraft:pumpkin":4,"minecraft:moss_carpet":3,"minecraft:yellow_bed":1,"minecraft:grass":4,"minecraft:bookshelf":15,"minecraft:oak_fence_gate":1,"biomesoplenty:redwood_log":9,"minecraft:vine":1,"biomesoplenty:redwood_leaves":116,"minecraft:sand":2,"minecraft:dirt":12,"villagersplus:alchemist_table":1,"minecraft:stone_bricks":10,"minecraft:stone":41,"biomesoplenty:redwood_wood":63,"minecraft:fern":2,"villagersplus:oceanographer_table":1},"minecraft:crafted":{"minecraft:crafting_table":1,"biomesoplenty:redwood_planks":258,"minecraft:stone_axe":1,"minecraft:ladder":21,"minecraft:stick":52,"minecraft:stone_pickaxe":1,"minecraft:chest":1},"minecraft:used":{"blue_skies:horizonite_leggings":1,"minecraft:stone_pickaxe":4,"biomesoplenty:redwood_planks":143,"minecraft:ladder":21,"minecraft:spruce_planks":68,"minecraft:chest":1,"minecraft:wooden_pickaxe":60,"minecraft:wooden_shovel":59,"minecraft:oak_leaves":2,"blue_skies:horizonite_chestplate":1,"minecraft:torch":4,"minecraft:dirt":11,"blue_skies:horizonite_helmet":1,"minecraft:crafting_table":4,"biomesoplenty:redwood_fence":15,"minecraft:spruce_stairs":4,"minecraft:white_bed":1,"minecraft:wooden_axe":42,"minecraft:grass_block":4,"biomesoplenty:redwood_wood":3,"blue_skies:horizonite_boots":1,"create:white_seat":4,"minecraft:stone_axe":113,"minecraft:wooden_sword":14,"minecraft:cooked_porkchop":3,"minecraft:yellow_bed":1,"minecraft:experience_bottle":3},"minecraft:broken":{"minecraft:wooden_shovel":1},"minecraft:picked_up":{"biomesoplenty:lavender":6,"biomesoplenty:redwood_log":9,"minecraft:crafting_table":3,"minecraft:yellow_bed":1,"minecraft:horn_coral":1,"minecraft:fire_coral":1,"minecraft:dirt":27,"minecraft:moss_carpet":12,"minecraft:item_frame":4,"minecraft:bone":1,"minecraft:stone_bricks":11,"minecraft:candle":9,"minecraft:gold_nugget":3,"mysticalagriculture:inferium_essence":1,"minecraft:iron_nugget":16,"biomesoplenty:redwood_wood":60,"minecraft:chest":4,"minecraft:furnace":1,"minecraft:book":47,"minecraft:tropical_fish_bucket":1,"minecraft:pumpkin":4,"patchouli:guide_book":1,"minecraft:torch":4,"minecraft:note_block":2,"minecraft:sand":2,"minecraft:redstone":2,"minecraft:white_bed":2,"alexsmobs:animal_dictionary":1,"villagersplus:oceanographer_table":1,"ars_nouveau:wilden_spike":6,"biomesoplenty:redwood_planks":37,"minecraft:arrow":8,"ars_nouveau:worn_notebook":1,"minecraft:spruce_sign":4,"biomesoplenty:redwood_sapling":6,"villagersplus:alchemist_table":2,"minecraft:obsidian":1,"minecraft:bricks":2,"minecraft:cobblestone":37}},"DataVersion":3465}