{"stats":{"minecraft:used":{"minecraft:moss_carpet":2,"minecraft:stone_sword":159,"biomesoplenty:redwood_planks":289,"minecraft:ladder":21,"minecraft:chest":9,"minecraft:spruce_planks":68,"minecraft:stone":1,"minecraft:iron_sword":248,"vanillaplustools:stone_hammer":315,"minecraft:wooden_shovel":120,"blue_skies:horizonite_chestplate":2,"minecraft:torch":47,"minecraft:dirt":56,"securitycraft:keypad_item":2,"biomesoplenty:redwood_fence":15,"minecraft:spruce_stairs":4,"minecraft:wooden_axe":60,"minecraft:grass_block":4,"biomesoplenty:redwood_wood":3,"blue_skies:horizonite_boots":3,"biomesoplenty:jacaranda_log":52,"minecraft:stone_bricks":198,"minecraft:beef":4,"minecraft:furnace":1,"minecraft:cobbled_deepslate":8,"vinery:red_grape":37,"alexsmobs:raw_catfish":1,"blue_skies:horizonite_leggings":2,"minecraft:water_bucket":15,"minecraft:diorite":5,"minecraft:stone_pickaxe":774,"minecraft:oak_planks":6,"minecraft:wooden_pickaxe":68,"minecraft:sugar_cane":8,"minecraft:oak_leaves":2,"blue_skies:horizonite_helmet":2,"minecraft:sand":9,"minecraft:crafting_table":9,"scalinghealth:cursed_heart":1,"minecraft:white_bed":1,"minecraft:apple":5,"minecraft:bread":3,"minecraft:iron_pickaxe":77,"mores:sterling_boots":1,"minecraft:gravel":9,"create:white_seat":4,"minecraft:stone_axe":319,"minecraft:wooden_sword":59,"minecraft:cobblestone":305,"minecraft:cooked_porkchop":17,"minecraft:bucket":16,"minecraft:yellow_bed":3,"biomesoplenty:redwood_stairs":15,"vinery:red_grape_seeds":2,"minecraft:experience_bottle":3},"minecraft:killed_by":{"minecraft:skeleton":1},"minecraft:broken":{"minecraft:wooden_shovel":2,"minecraft:stone_sword":1,"minecraft:wooden_pickaxe":1,"minecraft:stone_pickaxe":5,"vanillaplustools:stone_hammer":2,"minecraft:stone_axe":2,"minecraft:wooden_axe":1},"minecraft:picked_up":{"minecraft:wooden_axe":1,"biomesoplenty:redwood_log":9,"minecraft:crafting_table":6,"vinery:red_grape":37,"storagenetwork:inventory_remote":1,"minecraft:chicken":2,"vinery:red_grape_seeds":8,"minecraft:fire_coral":1,"mores:tourmaline_gem":6,"minecraft:string":4,"minecraft:moss_carpet":17,"minecraft:raw_copper":107,"minecraft:item_frame":6,"biomesoplenty:tall_lavender":7,"minecraft:candle":9,"mysticalagriculture:inferium_essence":35,"minecraft:gold_nugget":3,"minecraft:cobbled_deepslate":1238,"twigs:pebble":20,"minecraft:spruce_planks":19,"minecraft:beef":11,"minecraft:poppy":2,"minecraft:iron_nugget":32,"alexsmobs:raccoon_tail":2,"biomesoplenty:redwood_wood":136,"minecraft:coal_block":11,"minecraft:sugar_cane":12,"minecraft:chest":7,"minecraft:furnace":1,"minecraft:raw_iron":61,"securitycraft:reinforced_cobblestone":10,"minecraft:torch":36,"mysticalagriculture:prosperity_shard":26,"minecraft:note_block":2,"minecraft:porkchop":11,"mores:topaz_gem":3,"minecraft:diorite":13,"minecraft:pointed_dripstone":6,"minecraft:redstone":49,"mores:raw_tin":25,"biomesoplenty:redwood_planks":58,"minecraft:arrow":17,"minecraft:rotten_flesh":10,"biomesoplenty:jacaranda_log":61,"ars_nouveau:worn_notebook":3,"biomesoplenty:redwood_sapling":6,"villagersplus:alchemist_table":4,"minecraft:obsidian":3,"minecraft:mutton":9,"minecraft:white_wool":3,"minecraft:cobblestone":1595,"biomesoplenty:lavender":108,"minecraft:feather":1,"minecraft:water_bucket":1,"minecraft:andesite":32,"minecraft:leather":8,"minecraft:tuff":89,"minecraft:flint":7,"minecraft:oak_log":5,"scalinghealth:bandages":1,"minecraft:yellow_bed":3,"minecraft:horn_coral":1,"minecraft:lapis_lazuli":51,"minecraft:lantern":1,"minecraft:dirt":81,"minecraft:bone":3,"minecraft:stone_bricks":34,"minecraft:wheat_seeds":46,"minecraft:raw_gold":16,"minecraft:iron_ingot":2,"minecraft:stone_pickaxe":1,"minecraft:oak_fence_gate":1,"securitycraft:universal_block_reinforcer_lvl1":1,"twigs:schist":36,"minecraft:oak_planks":15,"minecraft:book":94,"minecraft:tropical_fish_bucket":1,"scalinghealth:heart_crystal_shard":3,"minecraft:pumpkin":6,"patchouli:guide_book":2,"minecraft:quartz":10,"minecraft:gravel":72,"minecraft:sand":26,"minecraft:amethyst_shard":4,"mores:raw_cobalt":17,"securitycraft:reinforced_stone":8,"minecraft:white_bed":3,"alexsmobs:animal_dictionary":1,"minecraft:spider_eye":1,"villagersplus:oceanographer_table":3,"biomesoplenty:flowering_oak_sapling":1,"ars_nouveau:wilden_spike":6,"alexsmobs:raw_catfish":1,"biomesoplenty:redwood_stairs":3,"minecraft:diamond":11,"mores:anthracite":8,"minecraft:granite":132,"twigs:rhyolite":184,"minecraft:spruce_sign":4,"scalinghealth:cursed_heart":1,"minecraft:emerald":9,"mores:raw_silver":8,"minecraft:bricks":2,"minecraft:oak_sapling":1,"minecraft:dark_oak_wood":9,"minecraft:coal":45},"minecraft:killed":{"alexsmobs:raccoon":2,"minecraft:vindicator":1,"minecraft:skeleton":2,"minecraft:chicken":3,"minecraft:silverfish":3,"minecraft:pig":4,"minecraft:sheep":7,"alexsmobs:catfish":1,"minecraft:pillager":2,"minecraft:zombie":10,"minecraft:donkey":4,"minecraft:cow":5},"minecraft:dropped":{"minecraft:water_bucket":1,"minecraft:spruce_sign":1,"minecraft:iron_ingot":1,"storagenetwork:inventory_remote":1,"minecraft:candle":23,"minecraft:wheat_seeds":12,"biomesoplenty:lavender":106,"scalinghealth:heart_crystal_shard":3,"minecraft:cobblestone":227,"minecraft:coal":2,"minecraft:item_frame":4,"minecraft:flint":2,"minecraft:emerald":2,"minecraft:dirt":13,"ars_nouveau:worn_notebook":1,"minecraft:torch":3,"minecraft:dark_oak_wood":3,"villagersplus:alchemist_table":1,"biomesoplenty:flowering_oak_sapling":1,"minecraft:gold_nugget":3,"minecraft:amethyst_shard":2,"minecraft:sand":15,"villagersplus:oceanographer_table":1,"minecraft:string":4,"alexsmobs:raccoon_tail":2,"minecraft:white_wool":1,"minecraft:bone":1,"minecraft:redstone":2,"vinery:red_grape_seeds":3,"minecraft:moss_carpet":10,"ars_nouveau:wilden_spike":6,"minecraft:cobbled_deepslate":429,"minecraft:raw_copper":40,"biomesoplenty:redwood_sapling":6,"minecraft:tuff":51,"minecraft:obsidian":1,"minecraft:pointed_dripstone":3,"minecraft:rotten_flesh":10,"minecraft:white_bed":1,"mysticalagriculture:inferium_essence":18,"minecraft:fire_coral":1,"minecraft:oak_sapling":1,"minecraft:spider_eye":1,"minecraft:arrow":13,"minecraft:stone_pickaxe":1,"scalinghealth:bandages":1,"minecraft:quartz":10,"biomesoplenty:tall_lavender":7},"minecraft:custom":{"minecraft:mob_kills":44,"minecraft:interact_with_crafting_table":60,"minecraft:leave_game":11,"minecraft:time_since_death":85551,"minecraft:climb_one_cm":39345,"minecraft:sprint_one_cm":532837,"minecraft:walk_one_cm":1095802,"minecraft:drop":112,"minecraft:play_noteblock":3,"minecraft:play_time":401120,"minecraft:deaths":1,"minecraft:sneak_time":3773,"minecraft:walk_under_water_one_cm":22593,"minecraft:jump":5360,"minecraft:walk_on_water_one_cm":96375,"minecraft:total_world_time":401120,"minecraft:interact_with_furnace":34,"minecraft:sleep_in_bed":10,"minecraft:time_since_rest":39836,"minecraft:damage_taken":4120,"minecraft:damage_dealt":8367,"minecraft:swim_one_cm":30281,"minecraft:fly_one_cm":844742,"minecraft:open_chest":117,"minecraft:crouch_one_cm":8031,"minecraft:fall_one_cm":153354},"minecraft:mined":{"minecraft:tuff":94,"minecraft:spruce_planks":19,"minecraft:white_bed":2,"minecraft:deepslate_diamond_ore":11,"minecraft:granite":132,"minecraft:dark_oak_fence":2,"minecraft:grass_block":26,"biomesoplenty:flowering_oak_leaves":2,"minecraft:white_stained_glass":2,"minecraft:coal_block":11,"minecraft:spruce_leaves":3,"mysticalagriculture:inferium_ore":7,"minecraft:large_fern":3,"biomesoplenty:jacaranda_log":62,"biomesoplenty:tall_lavender":3,"mores:deepslate_tourmaline_ore":6,"minecraft:furnace":1,"minecraft:cobbled_deepslate":1,"minecraft:iron_ore":57,"biomesoplenty:lavender":49,"minecraft:andesite":32,"minecraft:moss_carpet":6,"minecraft:pumpkin":6,"minecraft:deepslate_lapis_ore":8,"biomesoplenty:redwood_stairs":3,"mores:deepslate_cobalt_ore":3,"minecraft:deepslate_iron_ore":4,"minecraft:bookshelf":15,"minecraft:pointed_dripstone":2,"minecraft:vine":2,"biomesoplenty:redwood_log":9,"minecraft:stone":1370,"biomesoplenty:spider_egg":1,"minecraft:podzol":2,"biomesoplenty:jacaranda_leaves":2,"minecraft:deepslate_redstone_ore":10,"biomesoplenty:redwood_planks":61,"mores:cobalt_ore":14,"ars_nouveau:light_block":3,"mores:deepslate_anthracite_ore":8,"minecraft:crafting_table":6,"minecraft:torch":15,"minecraft:note_block":2,"minecraft:dark_oak_wood":3,"minecraft:emerald_ore":3,"vinery:red_grape_bush":5,"minecraft:chest":7,"minecraft:tall_grass":23,"minecraft:glass":1,"minecraft:copper_ore":17,"minecraft:cobblestone":28,"minecraft:deepslate_gold_ore":16,"minecraft:oak_planks":17,"minecraft:sugar_cane":7,"minecraft:bricks":2,"minecraft:diorite":13,"mores:tin_ore":7,"minecraft:wall_torch":12,"mores:deepslate_tin_ore":1,"minecraft:yellow_bed":3,"minecraft:grass":126,"minecraft:oak_log":5,"minecraft:coal_ore":44,"biomesoplenty:redwood_leaves":116,"minecraft:oak_fence_gate":1,"twigs:schist":36,"minecraft:gravel":79,"minecraft:sand":26,"minecraft:dirt":41,"mores:silver_ore":8,"mores:deepslate_topaz_ore":3,"mysticalagriculture:deepslate_prosperity_ore":5,"villagersplus:alchemist_table":1,"twigs:rhyolite":194,"minecraft:stone_bricks":33,"biomesoplenty:redwood_wood":139,"minecraft:oak_leaves":5,"minecraft:deepslate":1277,"minecraft:fern":15,"mysticalagriculture:prosperity_ore":4,"villagersplus:oceanographer_table":1},"minecraft:crafted":{"hangglider:glider_framework":1,"minecraft:oak_planks":20,"vanillaplustools:stone_hammer":3,"hangglider:hang_glider":1,"minecraft:stone":196,"securitycraft:keypad_item":2,"hangglider:glider_wing":2,"minecraft:heavy_weighted_pressure_plate":2,"minecraft:cooked_mutton":2,"minecraft:ladder":21,"minecraft:stone_pickaxe":32,"minecraft:chest":2,"biomesoplenty:redwood_stairs":12,"minecraft:stone_bricks":184,"minecraft:wooden_shovel":2,"minecraft:cooked_porkchop":11,"minecraft:crafting_table":4,"securitycraft:reinforced_stone_button":18,"biomesoplenty:redwood_planks":562,"minecraft:iron_sword":1,"minecraft:bucket":1,"minecraft:stone_axe":3,"minecraft:air":0,"securitycraft:reinforced_stone":10,"minecraft:stick":180,"minecraft:iron_pickaxe":1,"minecraft:iron_ingot":18,"minecraft:stone_sword":1}},"DataVersion":3465}