{"stats":{"minecraft:dropped":{"minecraft:spruce_sign":1},"minecraft:custom":{"minecraft:time_since_rest":22409,"minecraft:sprint_one_cm":41445,"minecraft:damage_taken":165,"minecraft:walk_one_cm":47306,"minecraft:mob_kills":1,"minecraft:drop":1,"minecraft:damage_dealt":119,"minecraft:swim_one_cm":1256,"minecraft:interact_with_crafting_table":2,"minecraft:fly_one_cm":110227,"minecraft:open_chest":5,"minecraft:crouch_one_cm":8,"minecraft:play_time":22409,"minecraft:sneak_time":65,"minecraft:walk_under_water_one_cm":303,"minecraft:jump":358,"minecraft:leave_game":4,"minecraft:time_since_death":22409,"minecraft:walk_on_water_one_cm":1427,"minecraft:total_world_time":22409,"minecraft:climb_one_cm":367,"minecraft:fall_one_cm":6474},"minecraft:killed":{"minecraft:silverfish":1},"minecraft:mined":{"minecraft:large_fern":1,"biomesoplenty:lavender":3,"minecraft:moss_carpet":2,"minecraft:vine":1,"biomesoplenty:redwood_log":2,"minecraft:sand":2,"minecraft:stone":4,"biomesoplenty:redwood_wood":28,"minecraft:fern":1},"minecraft:crafted":{"minecraft:crafting_table":1,"minecraft:ladder":6,"minecraft:stick":28,"biomesoplenty:redwood_planks":60},"minecraft:used":{"blue_skies:horizonite_leggings":1,"minecraft:wooden_axe":32,"biomesoplenty:redwood_wood":3,"minecraft:grass_block":4,"minecraft:spruce_planks":68,"minecraft:wooden_pickaxe":7,"blue_skies:horizonite_boots":1,"create:white_seat":4,"minecraft:oak_leaves":2,"blue_skies:horizonite_chestplate":1,"minecraft:wooden_sword":14,"blue_skies:horizonite_helmet":1,"minecraft:crafting_table":1,"minecraft:cooked_porkchop":1,"biomesoplenty:redwood_fence":15,"minecraft:spruce_stairs":4},"minecraft:picked_up":{"biomesoplenty:redwood_log":2,"minecraft:sand":2,"minecraft:moss_carpet":2,"minecraft:spruce_sign":4,"biomesoplenty:redwood_wood":28,"minecraft:cobblestone":1,"biomesoplenty:lavender":2}},"DataVersion":3465}