{"stats":{"minecraft:dropped":{"minecraft:spruce_sign":1,"minecraft:moss_carpet":8,"minecraft:candle":5,"biomesoplenty:redwood_sapling":2,"minecraft:dirt":1,"minecraft:fire_coral":1},"minecraft:custom":{"minecraft:mob_kills":1,"minecraft:interact_with_crafting_table":7,"minecraft:leave_game":4,"minecraft:time_since_death":58409,"minecraft:sleep_in_bed":1,"minecraft:climb_one_cm":16908,"minecraft:time_since_rest":6421,"minecraft:sprint_one_cm":98638,"minecraft:damage_taken":235,"minecraft:walk_one_cm":154604,"minecraft:drop":10,"minecraft:damage_dealt":119,"minecraft:play_noteblock":3,"minecraft:swim_one_cm":1256,"minecraft:fly_one_cm":179710,"minecraft:open_chest":35,"minecraft:crouch_one_cm":5348,"minecraft:play_time":58409,"minecraft:sneak_time":1671,"minecraft:walk_under_water_one_cm":494,"minecraft:jump":720,"minecraft:walk_on_water_one_cm":2066,"minecraft:total_world_time":58409,"minecraft:fall_one_cm":16215},"minecraft:killed":{"minecraft:silverfish":1},"minecraft:mined":{"minecraft:podzol":1,"biomesoplenty:redwood_planks":1,"minecraft:white_bed":2,"minecraft:crafting_table":2,"minecraft:torch":3,"minecraft:note_block":2,"minecraft:grass_block":3,"minecraft:chest":3,"minecraft:white_stained_glass":2,"minecraft:glass":1,"minecraft:tall_grass":1,"minecraft:bricks":2,"minecraft:wall_torch":1,"minecraft:large_fern":2,"minecraft:furnace":1,"biomesoplenty:lavender":3,"minecraft:pumpkin":4,"minecraft:moss_carpet":3,"minecraft:yellow_bed":1,"minecraft:grass":3,"minecraft:bookshelf":15,"minecraft:oak_fence_gate":1,"biomesoplenty:redwood_log":9,"minecraft:vine":1,"biomesoplenty:redwood_leaves":116,"minecraft:sand":2,"minecraft:dirt":2,"villagersplus:alchemist_table":1,"minecraft:stone_bricks":10,"minecraft:stone":21,"biomesoplenty:redwood_wood":63,"minecraft:fern":2,"villagersplus:oceanographer_table":1},"minecraft:crafted":{"minecraft:crafting_table":1,"biomesoplenty:redwood_planks":258,"minecraft:stone_axe":1,"minecraft:ladder":21,"minecraft:stick":50,"minecraft:chest":1},"minecraft:used":{"blue_skies:horizonite_leggings":1,"biomesoplenty:redwood_planks":132,"minecraft:ladder":21,"minecraft:spruce_planks":68,"minecraft:chest":1,"minecraft:wooden_pickaxe":43,"minecraft:wooden_shovel":48,"minecraft:oak_leaves":2,"blue_skies:horizonite_chestplate":1,"minecraft:torch":4,"blue_skies:horizonite_helmet":1,"minecraft:crafting_table":3,"biomesoplenty:redwood_fence":15,"minecraft:spruce_stairs":4,"minecraft:white_bed":1,"minecraft:wooden_axe":42,"minecraft:grass_block":4,"biomesoplenty:redwood_wood":3,"blue_skies:horizonite_boots":1,"create:white_seat":4,"minecraft:stone_axe":72,"minecraft:wooden_sword":14,"minecraft:cooked_porkchop":3,"minecraft:experience_bottle":3},"minecraft:picked_up":{"biomesoplenty:lavender":2,"biomesoplenty:redwood_log":9,"minecraft:crafting_table":2,"minecraft:yellow_bed":1,"minecraft:horn_coral":1,"minecraft:fire_coral":1,"minecraft:dirt":6,"minecraft:moss_carpet":11,"minecraft:item_frame":2,"minecraft:stone_bricks":10,"mysticalagriculture:inferium_essence":1,"biomesoplenty:redwood_wood":60,"minecraft:chest":3,"minecraft:furnace":1,"minecraft:book":47,"minecraft:tropical_fish_bucket":1,"minecraft:pumpkin":4,"minecraft:torch":4,"minecraft:note_block":2,"minecraft:sand":2,"minecraft:white_bed":2,"villagersplus:oceanographer_table":1,"biomesoplenty:redwood_planks":1,"minecraft:spruce_sign":4,"biomesoplenty:redwood_sapling":4,"villagersplus:alchemist_table":2,"minecraft:bricks":2,"minecraft:cobblestone":18}},"DataVersion":3465}