{"stats":{"minecraft:dropped":{"minecraft:spruce_sign":1},"minecraft:custom":{"minecraft:time_since_rest":34409,"minecraft:sprint_one_cm":41445,"minecraft:damage_taken":195,"minecraft:walk_one_cm":60969,"minecraft:mob_kills":1,"minecraft:drop":1,"minecraft:damage_dealt":119,"minecraft:swim_one_cm":1256,"minecraft:interact_with_crafting_table":3,"minecraft:fly_one_cm":110227,"minecraft:open_chest":5,"minecraft:crouch_one_cm":5059,"minecraft:play_time":34409,"minecraft:sneak_time":1521,"minecraft:walk_under_water_one_cm":303,"minecraft:jump":381,"minecraft:leave_game":4,"minecraft:time_since_death":34409,"minecraft:walk_on_water_one_cm":1427,"minecraft:total_world_time":34409,"minecraft:climb_one_cm":7678,"minecraft:fall_one_cm":7301},"minecraft:killed":{"minecraft:silverfish":1},"minecraft:mined":{"minecraft:large_fern":1,"biomesoplenty:redwood_planks":1,"biomesoplenty:lavender":3,"minecraft:moss_carpet":2,"minecraft:crafting_table":1,"minecraft:vine":1,"biomesoplenty:redwood_log":2,"biomesoplenty:redwood_leaves":74,"minecraft:sand":2,"minecraft:stone":4,"biomesoplenty:redwood_wood":30,"minecraft:fern":1},"minecraft:crafted":{"minecraft:crafting_table":1,"minecraft:ladder":21,"minecraft:stick":50,"biomesoplenty:redwood_planks":110},"minecraft:used":{"blue_skies:horizonite_leggings":1,"minecraft:wooden_axe":37,"biomesoplenty:redwood_wood":3,"minecraft:grass_block":4,"biomesoplenty:redwood_planks":64,"minecraft:ladder":20,"minecraft:spruce_planks":68,"minecraft:wooden_pickaxe":7,"blue_skies:horizonite_boots":1,"minecraft:wooden_shovel":22,"create:white_seat":4,"minecraft:oak_leaves":2,"blue_skies:horizonite_chestplate":1,"minecraft:wooden_sword":14,"blue_skies:horizonite_helmet":1,"minecraft:crafting_table":2,"minecraft:cooked_porkchop":1,"biomesoplenty:redwood_fence":15,"minecraft:spruce_stairs":4},"minecraft:picked_up":{"biomesoplenty:redwood_log":2,"minecraft:crafting_table":1,"minecraft:sand":2,"minecraft:moss_carpet":2,"biomesoplenty:redwood_planks":1,"minecraft:spruce_sign":4,"biomesoplenty:redwood_sapling":1,"biomesoplenty:redwood_wood":30,"minecraft:cobblestone":1,"biomesoplenty:lavender":2}},"DataVersion":3465}