{"stats":{"minecraft:killed":{"alexsmobs:raccoon":1,"minecraft:vindicator":1,"minecraft:skeleton":1,"minecraft:chicken":2,"minecraft:silverfish":3,"alexsmobs:catfish":1,"minecraft:pillager":2,"minecraft:donkey":4,"minecraft:zombie":8,"minecraft:cow":2},"minecraft:custom":{"minecraft:mob_kills":25,"minecraft:interact_with_crafting_table":37,"minecraft:leave_game":9,"minecraft:time_since_death":246606,"minecraft:climb_one_cm":29098,"minecraft:sprint_one_cm":346708,"minecraft:walk_one_cm":653833,"minecraft:drop":59,"minecraft:play_noteblock":3,"minecraft:play_time":246606,"minecraft:sneak_time":2210,"minecraft:walk_under_water_one_cm":16240,"minecraft:jump":3340,"minecraft:walk_on_water_one_cm":59448,"minecraft:total_world_time":246606,"minecraft:interact_with_furnace":28,"minecraft:sleep_in_bed":8,"minecraft:time_since_rest":42994,"minecraft:damage_taken":2179,"minecraft:damage_dealt":4978,"minecraft:swim_one_cm":25444,"minecraft:fly_one_cm":535496,"minecraft:open_chest":87,"minecraft:crouch_one_cm":6246,"minecraft:fall_one_cm":100563},"minecraft:broken":{"minecraft:wooden_shovel":1,"minecraft:stone_sword":1,"minecraft:wooden_pickaxe":1,"minecraft:stone_pickaxe":4,"minecraft:stone_axe":2},"minecraft:crafted":{"minecraft:oak_planks":20,"minecraft:stone":127,"securitycraft:keypad_item":1,"minecraft:heavy_weighted_pressure_plate":1,"minecraft:ladder":21,"minecraft:stone_pickaxe":5,"minecraft:chest":1,"biomesoplenty:redwood_stairs":12,"minecraft:stone_bricks":124,"minecraft:wooden_shovel":2,"minecraft:crafting_table":1,"biomesoplenty:redwood_planks":562,"securitycraft:reinforced_stone_button":10,"minecraft:stone_axe":3,"securitycraft:reinforced_stone":10,"minecraft:stick":96,"minecraft:iron_ingot":18,"minecraft:stone_sword":1},"minecraft:mined":{"minecraft:white_bed":2,"minecraft:dark_oak_fence":2,"minecraft:grass_block":24,"minecraft:white_stained_glass":2,"minecraft:coal_block":11,"minecraft:large_fern":3,"biomesoplenty:jacaranda_log":62,"biomesoplenty:tall_lavender":1,"minecraft:furnace":1,"minecraft:iron_ore":21,"biomesoplenty:lavender":7,"minecraft:moss_carpet":6,"minecraft:pumpkin":6,"biomesoplenty:redwood_stairs":3,"minecraft:bookshelf":15,"minecraft:pointed_dripstone":2,"minecraft:vine":2,"biomesoplenty:redwood_log":9,"minecraft:stone":514,"minecraft:podzol":2,"biomesoplenty:jacaranda_leaves":2,"biomesoplenty:redwood_planks":61,"ars_nouveau:light_block":3,"minecraft:crafting_table":3,"minecraft:note_block":2,"minecraft:torch":9,"vinery:red_grape_bush":5,"minecraft:chest":7,"minecraft:cobblestone":16,"minecraft:copper_ore":11,"minecraft:glass":1,"minecraft:tall_grass":20,"minecraft:sugar_cane":4,"minecraft:bricks":2,"minecraft:wall_torch":10,"minecraft:yellow_bed":3,"minecraft:grass":68,"minecraft:oak_log":5,"minecraft:coal_ore":3,"minecraft:oak_fence_gate":1,"biomesoplenty:redwood_leaves":116,"minecraft:gravel":11,"minecraft:sand":26,"minecraft:dirt":39,"mores:silver_ore":8,"villagersplus:alchemist_table":1,"minecraft:stone_bricks":32,"biomesoplenty:redwood_wood":139,"minecraft:oak_leaves":1,"minecraft:deepslate":1,"minecraft:fern":12,"villagersplus:oceanographer_table":1},"minecraft:picked_up":{"minecraft:wooden_axe":1,"biomesoplenty:redwood_log":9,"minecraft:crafting_table":3,"minecraft:chicken":2,"vinery:red_grape_seeds":8,"minecraft:fire_coral":1,"minecraft:moss_carpet":17,"minecraft:raw_copper":85,"minecraft:item_frame":6,"minecraft:candle":9,"minecraft:gold_nugget":3,"mysticalagriculture:inferium_essence":8,"minecraft:cobbled_deepslate":1,"minecraft:beef":4,"minecraft:iron_nugget":32,"minecraft:poppy":2,"alexsmobs:raccoon_tail":2,"biomesoplenty:redwood_wood":136,"minecraft:sugar_cane":8,"minecraft:coal_block":11,"minecraft:chest":7,"minecraft:furnace":1,"minecraft:raw_iron":21,"securitycraft:reinforced_cobblestone":10,"minecraft:torch":26,"minecraft:note_block":2,"minecraft:pointed_dripstone":6,"minecraft:redstone":4,"biomesoplenty:redwood_planks":58,"minecraft:arrow":16,"minecraft:rotten_flesh":10,"biomesoplenty:jacaranda_log":61,"ars_nouveau:worn_notebook":3,"biomesoplenty:redwood_sapling":6,"villagersplus:alchemist_table":4,"minecraft:obsidian":3,"minecraft:cobblestone":619,"biomesoplenty:lavender":11,"minecraft:feather":1,"minecraft:leather":8,"minecraft:flint":2,"minecraft:oak_log":5,"minecraft:yellow_bed":3,"minecraft:horn_coral":1,"minecraft:dirt":76,"minecraft:lantern":1,"minecraft:bone":3,"minecraft:stone_bricks":33,"minecraft:wheat_seeds":30,"minecraft:iron_ingot":2,"minecraft:oak_fence_gate":1,"minecraft:stone_pickaxe":1,"securitycraft:universal_block_reinforcer_lvl1":1,"minecraft:book":94,"minecraft:tropical_fish_bucket":1,"minecraft:pumpkin":6,"patchouli:guide_book":2,"minecraft:quartz":10,"minecraft:gravel":9,"minecraft:sand":26,"minecraft:amethyst_shard":4,"minecraft:white_bed":3,"villagersplus:oceanographer_table":3,"alexsmobs:animal_dictionary":1,"ars_nouveau:wilden_spike":6,"alexsmobs:raw_catfish":1,"biomesoplenty:redwood_stairs":3,"scalinghealth:cursed_heart":1,"minecraft:spruce_sign":4,"minecraft:emerald":6,"mores:raw_silver":8,"minecraft:bricks":2,"minecraft:coal":7},"minecraft:used":{"minecraft:moss_carpet":2,"minecraft:stone_sword":159,"biomesoplenty:redwood_planks":247,"minecraft:ladder":21,"minecraft:spruce_planks":68,"minecraft:chest":8,"minecraft:wooden_shovel":97,"blue_skies:horizonite_chestplate":1,"minecraft:torch":33,"minecraft:dirt":54,"securitycraft:keypad_item":1,"biomesoplenty:redwood_fence":15,"minecraft:spruce_stairs":4,"minecraft:wooden_axe":42,"biomesoplenty:redwood_wood":3,"minecraft:grass_block":4,"blue_skies:horizonite_boots":1,"biomesoplenty:jacaranda_log":52,"minecraft:stone_bricks":132,"minecraft:beef":4,"minecraft:furnace":1,"alexsmobs:raw_catfish":1,"blue_skies:horizonite_leggings":1,"minecraft:stone_pickaxe":591,"minecraft:wooden_pickaxe":68,"minecraft:oak_leaves":2,"blue_skies:horizonite_helmet":1,"minecraft:crafting_table":4,"scalinghealth:cursed_heart":1,"minecraft:white_bed":1,"minecraft:apple":3,"minecraft:gravel":9,"create:white_seat":4,"minecraft:stone_axe":319,"minecraft:wooden_sword":59,"minecraft:cobblestone":136,"minecraft:cooked_porkchop":16,"minecraft:yellow_bed":3,"biomesoplenty:redwood_stairs":15,"vinery:red_grape_seeds":2,"minecraft:experience_bottle":3},"minecraft:dropped":{"minecraft:spruce_sign":1,"minecraft:iron_ingot":1,"minecraft:candle":23,"biomesoplenty:lavender":5,"minecraft:cobblestone":64,"minecraft:coal":2,"minecraft:item_frame":4,"minecraft:emerald":2,"minecraft:dirt":11,"ars_nouveau:worn_notebook":1,"minecraft:torch":3,"villagersplus:alchemist_table":1,"minecraft:gold_nugget":3,"minecraft:amethyst_shard":2,"villagersplus:oceanographer_table":1,"alexsmobs:raccoon_tail":2,"minecraft:bone":1,"minecraft:redstone":2,"vinery:red_grape_seeds":3,"minecraft:moss_carpet":10,"ars_nouveau:wilden_spike":6,"minecraft:cobbled_deepslate":1,"minecraft:raw_copper":40,"biomesoplenty:redwood_sapling":6,"minecraft:obsidian":1,"minecraft:pointed_dripstone":3,"minecraft:rotten_flesh":10,"minecraft:white_bed":1,"mysticalagriculture:inferium_essence":5,"minecraft:fire_coral":1,"minecraft:arrow":12,"minecraft:stone_pickaxe":1,"minecraft:quartz":10}},"DataVersion":3465}