{"stats":{"minecraft:mined":{"minecraft:grass":3,"minecraft:grass_block":1,"dynamictrees:oak_undergrowth_leaves":2},"minecraft:dropped":{"minecraft:wheat_seeds":1,"alexsmobs:animal_dictionary":1},"minecraft:used":{"minecraft:dirt":1,"artifacts:eternal_steak":3},"minecraft:killed_by":{"minecraft:player":2},"minecraft:custom":{"minecraft:time_since_rest":40,"minecraft:open_chest":2,"minecraft:crouch_one_cm":92,"minecraft:play_time":21637,"minecraft:sprint_one_cm":24294,"minecraft:walk_one_cm":32029,"minecraft:damage_taken":1370,"minecraft:deaths":4,"minecraft:sneak_time":29,"minecraft:drop":2,"minecraft:jump":346,"minecraft:damage_dealt":1161,"minecraft:leave_game":1,"minecraft:time_since_death":0,"minecraft:total_world_time":21637,"minecraft:player_kills":2,"minecraft:fall_one_cm":13580,"minecraft:fly_one_cm":48754},"minecraft:picked_up":{"artifacts:eternal_steak":1,"minecraft:wheat_seeds":1,"alexsmobs:animal_dictionary":1,"minecraft:dirt":1}},"DataVersion":3465}