{"stats":{"minecraft:picked_up":{"biomesoplenty:lavender":2,"minecraft:sand":2,"minecraft:spruce_sign":4,"biomesoplenty:redwood_wood":9,"minecraft:cobblestone":1,"biomesoplenty:redwood_log":2},"minecraft:dropped":{"minecraft:spruce_sign":1},"minecraft:custom":{"minecraft:time_since_rest":14587,"minecraft:open_chest":5,"minecraft:crouch_one_cm":8,"minecraft:play_time":14587,"minecraft:sprint_one_cm":34863,"minecraft:damage_taken":105,"minecraft:walk_one_cm":31153,"minecraft:sneak_time":65,"minecraft:walk_under_water_one_cm":303,"minecraft:drop":1,"minecraft:jump":291,"minecraft:damage_dealt":30,"minecraft:leave_game":2,"minecraft:walk_on_water_one_cm":740,"minecraft:time_since_death":14587,"minecraft:climb_one_cm":271,"minecraft:total_world_time":14587,"minecraft:swim_one_cm":1256,"minecraft:fall_one_cm":5369,"minecraft:fly_one_cm":99795},"minecraft:mined":{"biomesoplenty:redwood_log":2,"minecraft:vine":1,"minecraft:sand":2,"biomesoplenty:lavender":3,"minecraft:stone":4,"biomesoplenty:redwood_wood":9},"minecraft:used":{"minecraft:wooden_axe":12,"minecraft:oak_leaves":2,"blue_skies:horizonite_leggings":1,"blue_skies:horizonite_chestplate":1,"blue_skies:horizonite_helmet":1,"minecraft:grass_block":4,"biomesoplenty:redwood_fence":15,"biomesoplenty:redwood_wood":3,"minecraft:cooked_porkchop":1,"minecraft:spruce_stairs":4,"minecraft:spruce_planks":68,"minecraft:wooden_pickaxe":7,"blue_skies:horizonite_boots":1,"create:white_seat":4}},"DataVersion":3465}