{"stats":{"minecraft:killed":{"minecraft:silverfish":1},"minecraft:custom":{"minecraft:mob_kills":1,"minecraft:interact_with_crafting_table":13,"minecraft:leave_game":7,"minecraft:time_since_death":91976,"minecraft:sleep_in_bed":2,"minecraft:climb_one_cm":19406,"minecraft:time_since_rest":26560,"minecraft:sprint_one_cm":122724,"minecraft:damage_taken":374,"minecraft:walk_one_cm":264958,"minecraft:drop":45,"minecraft:damage_dealt":127,"minecraft:play_noteblock":3,"minecraft:swim_one_cm":1256,"minecraft:fly_one_cm":216658,"minecraft:open_chest":44,"minecraft:crouch_one_cm":5397,"minecraft:play_time":91976,"minecraft:sneak_time":1718,"minecraft:walk_under_water_one_cm":494,"minecraft:jump":1081,"minecraft:walk_on_water_one_cm":3470,"minecraft:total_world_time":91976,"minecraft:fall_one_cm":24774},"minecraft:broken":{"minecraft:wooden_shovel":1,"minecraft:wooden_pickaxe":1,"minecraft:stone_pickaxe":2},"minecraft:crafted":{"minecraft:crafting_table":1,"biomesoplenty:redwood_planks":258,"minecraft:stone_axe":3,"minecraft:ladder":21,"minecraft:stick":56,"minecraft:stone_pickaxe":3,"minecraft:chest":1},"minecraft:mined":{"minecraft:podzol":2,"biomesoplenty:redwood_planks":51,"minecraft:white_bed":2,"minecraft:crafting_table":3,"minecraft:torch":3,"minecraft:note_block":2,"minecraft:grass_block":8,"minecraft:chest":5,"minecraft:white_stained_glass":2,"minecraft:glass":1,"minecraft:tall_grass":3,"minecraft:copper_ore":6,"minecraft:cobblestone":5,"minecraft:bricks":2,"minecraft:wall_torch":1,"minecraft:large_fern":3,"minecraft:furnace":1,"minecraft:iron_ore":18,"biomesoplenty:lavender":3,"minecraft:pumpkin":4,"minecraft:moss_carpet":3,"minecraft:yellow_bed":2,"minecraft:grass":8,"minecraft:bookshelf":15,"minecraft:oak_fence_gate":1,"biomesoplenty:redwood_log":9,"minecraft:vine":1,"biomesoplenty:redwood_leaves":116,"mores:silver_ore":5,"minecraft:sand":2,"minecraft:dirt":15,"villagersplus:alchemist_table":1,"minecraft:stone":313,"minecraft:stone_bricks":10,"biomesoplenty:redwood_wood":63,"minecraft:fern":3,"villagersplus:oceanographer_table":1},"minecraft:picked_up":{"biomesoplenty:redwood_log":9,"biomesoplenty:lavender":6,"minecraft:crafting_table":3,"minecraft:yellow_bed":2,"minecraft:fire_coral":1,"minecraft:horn_coral":1,"minecraft:moss_carpet":13,"minecraft:dirt":35,"minecraft:raw_copper":23,"minecraft:item_frame":6,"minecraft:bone":1,"minecraft:stone_bricks":11,"mysticalagriculture:inferium_essence":2,"minecraft:candle":9,"minecraft:gold_nugget":3,"minecraft:iron_ingot":2,"minecraft:iron_nugget":16,"biomesoplenty:redwood_wood":60,"minecraft:chest":5,"minecraft:furnace":1,"minecraft:book":47,"minecraft:tropical_fish_bucket":1,"minecraft:raw_iron":18,"minecraft:pumpkin":4,"patchouli:guide_book":2,"minecraft:torch":7,"minecraft:quartz":10,"minecraft:note_block":2,"minecraft:sand":2,"minecraft:amethyst_shard":4,"minecraft:white_bed":3,"minecraft:redstone":4,"villagersplus:oceanographer_table":3,"alexsmobs:animal_dictionary":1,"ars_nouveau:wilden_spike":6,"biomesoplenty:redwood_planks":49,"minecraft:arrow":8,"ars_nouveau:worn_notebook":3,"minecraft:coal":4,"minecraft:emerald":4,"minecraft:spruce_sign":4,"minecraft:wooden_axe":1,"biomesoplenty:redwood_sapling":6,"mores:raw_silver":5,"villagersplus:alchemist_table":4,"minecraft:bricks":2,"minecraft:obsidian":3,"minecraft:cobblestone":414},"minecraft:used":{"blue_skies:horizonite_leggings":1,"minecraft:stone_pickaxe":304,"biomesoplenty:redwood_planks":225,"minecraft:ladder":21,"minecraft:chest":6,"minecraft:spruce_planks":68,"minecraft:wooden_pickaxe":68,"minecraft:wooden_shovel":59,"minecraft:oak_leaves":2,"blue_skies:horizonite_chestplate":1,"minecraft:torch":10,"blue_skies:horizonite_helmet":1,"minecraft:dirt":13,"minecraft:crafting_table":4,"biomesoplenty:redwood_fence":15,"minecraft:spruce_stairs":4,"minecraft:white_bed":1,"minecraft:wooden_axe":42,"minecraft:grass_block":4,"biomesoplenty:redwood_wood":3,"blue_skies:horizonite_boots":1,"minecraft:stone_axe":126,"create:white_seat":4,"minecraft:wooden_sword":14,"minecraft:cobblestone":38,"minecraft:furnace":1,"minecraft:cooked_porkchop":4,"minecraft:yellow_bed":1,"minecraft:experience_bottle":3},"minecraft:dropped":{"minecraft:iron_ingot":1,"minecraft:spruce_sign":1,"minecraft:moss_carpet":10,"minecraft:candle":23,"ars_nouveau:wilden_spike":6,"minecraft:raw_copper":4,"biomesoplenty:redwood_sapling":6,"minecraft:obsidian":1,"biomesoplenty:lavender":4,"minecraft:cobblestone":64,"minecraft:white_bed":1,"minecraft:coal":2,"minecraft:item_frame":4,"minecraft:emerald":2,"minecraft:dirt":11,"ars_nouveau:worn_notebook":1,"minecraft:torch":3,"villagersplus:alchemist_table":1,"mysticalagriculture:inferium_essence":1,"minecraft:fire_coral":1,"minecraft:gold_nugget":3,"minecraft:amethyst_shard":2,"minecraft:arrow":8,"villagersplus:oceanographer_table":1,"minecraft:quartz":10,"minecraft:redstone":2,"minecraft:bone":1}},"DataVersion":3465}