{"stats":{"minecraft:killed":{"minecraft:vindicator":1,"minecraft:skeleton":1,"minecraft:silverfish":3,"minecraft:pillager":2,"minecraft:zombie":7},"minecraft:custom":{"minecraft:mob_kills":14,"minecraft:interact_with_crafting_table":30,"minecraft:leave_game":7,"minecraft:time_since_death":151976,"minecraft:climb_one_cm":28957,"minecraft:sprint_one_cm":246331,"minecraft:walk_one_cm":441825,"minecraft:drop":51,"minecraft:play_noteblock":3,"minecraft:play_time":151976,"minecraft:sneak_time":1918,"minecraft:walk_under_water_one_cm":7041,"minecraft:jump":2170,"minecraft:walk_on_water_one_cm":25278,"minecraft:total_world_time":151976,"minecraft:interact_with_furnace":19,"minecraft:sleep_in_bed":5,"minecraft:time_since_rest":2463,"minecraft:damage_taken":1719,"minecraft:damage_dealt":2908,"minecraft:swim_one_cm":11409,"minecraft:fly_one_cm":371520,"minecraft:open_chest":80,"minecraft:crouch_one_cm":5647,"minecraft:fall_one_cm":61943},"minecraft:broken":{"minecraft:wooden_shovel":1,"minecraft:wooden_pickaxe":1,"minecraft:stone_pickaxe":3,"minecraft:stone_axe":1},"minecraft:crafted":{"minecraft:oak_planks":20,"minecraft:stone":53,"securitycraft:keypad_item":1,"minecraft:heavy_weighted_pressure_plate":1,"minecraft:ladder":21,"minecraft:stone_pickaxe":5,"minecraft:chest":1,"minecraft:stone_bricks":32,"minecraft:crafting_table":1,"securitycraft:reinforced_stone_button":10,"biomesoplenty:redwood_planks":562,"minecraft:stone_axe":3,"securitycraft:reinforced_stone":10,"minecraft:stick":96,"minecraft:iron_ingot":18,"minecraft:stone_sword":1},"minecraft:mined":{"minecraft:white_bed":2,"minecraft:dark_oak_fence":2,"minecraft:grass_block":8,"minecraft:white_stained_glass":2,"minecraft:coal_block":11,"minecraft:large_fern":3,"minecraft:furnace":1,"minecraft:iron_ore":19,"biomesoplenty:lavender":3,"minecraft:moss_carpet":6,"minecraft:pumpkin":6,"minecraft:pointed_dripstone":2,"minecraft:bookshelf":15,"biomesoplenty:redwood_log":9,"minecraft:vine":1,"minecraft:stone":390,"minecraft:podzol":2,"biomesoplenty:redwood_planks":54,"ars_nouveau:light_block":3,"minecraft:crafting_table":3,"minecraft:note_block":2,"minecraft:torch":9,"vinery:red_grape_bush":1,"minecraft:chest":7,"minecraft:copper_ore":8,"minecraft:tall_grass":6,"minecraft:glass":1,"minecraft:cobblestone":12,"minecraft:bricks":2,"minecraft:wall_torch":4,"minecraft:yellow_bed":3,"minecraft:grass":15,"minecraft:coal_ore":3,"minecraft:oak_log":5,"biomesoplenty:redwood_leaves":116,"minecraft:oak_fence_gate":1,"minecraft:sand":2,"minecraft:dirt":19,"mores:silver_ore":8,"villagersplus:alchemist_table":1,"minecraft:stone_bricks":10,"biomesoplenty:redwood_wood":139,"minecraft:oak_leaves":1,"minecraft:deepslate":1,"minecraft:fern":12,"villagersplus:oceanographer_table":1},"minecraft:picked_up":{"minecraft:wooden_axe":1,"biomesoplenty:redwood_log":9,"minecraft:crafting_table":3,"vinery:red_grape_seeds":3,"minecraft:fire_coral":1,"minecraft:moss_carpet":17,"minecraft:raw_copper":35,"minecraft:item_frame":6,"minecraft:gold_nugget":3,"mysticalagriculture:inferium_essence":5,"minecraft:candle":9,"minecraft:cobbled_deepslate":1,"minecraft:iron_nugget":32,"minecraft:poppy":2,"biomesoplenty:redwood_wood":136,"minecraft:coal_block":11,"minecraft:chest":7,"minecraft:furnace":1,"minecraft:raw_iron":19,"securitycraft:reinforced_cobblestone":10,"minecraft:torch":16,"minecraft:note_block":2,"minecraft:pointed_dripstone":6,"minecraft:redstone":4,"biomesoplenty:redwood_planks":52,"minecraft:rotten_flesh":10,"minecraft:arrow":12,"ars_nouveau:worn_notebook":3,"biomesoplenty:redwood_sapling":6,"villagersplus:alchemist_table":4,"minecraft:obsidian":3,"minecraft:cobblestone":497,"biomesoplenty:lavender":6,"minecraft:oak_log":5,"minecraft:yellow_bed":3,"minecraft:horn_coral":1,"minecraft:dirt":39,"minecraft:lantern":1,"minecraft:bone":3,"minecraft:stone_bricks":11,"minecraft:wheat_seeds":4,"minecraft:stone_pickaxe":1,"minecraft:iron_ingot":2,"minecraft:oak_fence_gate":1,"securitycraft:universal_block_reinforcer_lvl1":1,"minecraft:book":94,"minecraft:tropical_fish_bucket":1,"minecraft:pumpkin":6,"patchouli:guide_book":2,"minecraft:quartz":10,"minecraft:sand":2,"minecraft:amethyst_shard":4,"minecraft:white_bed":3,"alexsmobs:animal_dictionary":1,"villagersplus:oceanographer_table":3,"ars_nouveau:wilden_spike":6,"minecraft:spruce_sign":4,"minecraft:emerald":6,"mores:raw_silver":8,"minecraft:bricks":2,"minecraft:coal":7},"minecraft:used":{"minecraft:moss_carpet":2,"minecraft:stone_sword":102,"biomesoplenty:redwood_planks":227,"minecraft:ladder":21,"minecraft:spruce_planks":68,"minecraft:chest":8,"minecraft:wooden_shovel":59,"minecraft:torch":19,"blue_skies:horizonite_chestplate":1,"minecraft:dirt":13,"securitycraft:keypad_item":1,"biomesoplenty:redwood_fence":15,"minecraft:spruce_stairs":4,"minecraft:wooden_axe":42,"biomesoplenty:redwood_wood":3,"minecraft:grass_block":4,"blue_skies:horizonite_boots":1,"minecraft:stone_bricks":31,"minecraft:furnace":1,"blue_skies:horizonite_leggings":1,"minecraft:stone_pickaxe":416,"minecraft:wooden_pickaxe":68,"minecraft:oak_leaves":2,"blue_skies:horizonite_helmet":1,"minecraft:crafting_table":4,"minecraft:white_bed":1,"create:white_seat":4,"minecraft:stone_axe":218,"minecraft:wooden_sword":59,"minecraft:cobblestone":80,"minecraft:cooked_porkchop":14,"minecraft:yellow_bed":3,"minecraft:experience_bottle":3},"minecraft:dropped":{"minecraft:spruce_sign":1,"minecraft:iron_ingot":1,"minecraft:candle":23,"biomesoplenty:lavender":4,"minecraft:cobblestone":64,"minecraft:coal":2,"minecraft:item_frame":4,"minecraft:emerald":2,"minecraft:dirt":11,"ars_nouveau:worn_notebook":1,"minecraft:torch":3,"villagersplus:alchemist_table":1,"minecraft:gold_nugget":3,"minecraft:amethyst_shard":2,"villagersplus:oceanographer_table":1,"minecraft:bone":1,"minecraft:redstone":2,"vinery:red_grape_seeds":3,"minecraft:moss_carpet":10,"ars_nouveau:wilden_spike":6,"minecraft:cobbled_deepslate":1,"minecraft:raw_copper":4,"biomesoplenty:redwood_sapling":6,"minecraft:obsidian":1,"minecraft:pointed_dripstone":3,"minecraft:rotten_flesh":10,"minecraft:white_bed":1,"mysticalagriculture:inferium_essence":1,"minecraft:fire_coral":1,"minecraft:arrow":8,"minecraft:stone_pickaxe":1,"minecraft:quartz":10}},"DataVersion":3465}