{"stats":{"minecraft:picked_up":{"scalinghealth:heart_crystal_shard":4,"patchouli:guide_book":1,"alexsmobs:bison_fur":2,"vinery:white_grape":2,"minecraft:oak_log":31,"minecraft:dirt":15,"alexsmobs:animal_dictionary":1,"ars_nouveau:worn_notebook":1,"botania:blue_mystical_flower":1,"alexsdelight:raw_bison":2,"minecraft:spruce_sign":1,"minecraft:oak_sapling":1,"minecraft:coal":6,"minecraft:cobblestone":23},"minecraft:killed":{"alexsmobs:bison":1},"minecraft:dropped":{"ars_nouveau:worn_notebook":1,"alexsmobs:animal_dictionary":1,"patchouli:guide_book":1},"minecraft:custom":{"minecraft:time_since_rest":20112,"minecraft:sprint_one_cm":11390,"minecraft:damage_taken":103,"minecraft:walk_one_cm":20566,"minecraft:mob_kills":1,"minecraft:drop":3,"minecraft:damage_dealt":479,"minecraft:interact_with_crafting_table":10,"minecraft:fly_one_cm":56459,"minecraft:open_chest":5,"minecraft:crouch_one_cm":5045,"minecraft:play_time":20112,"minecraft:sneak_time":2181,"minecraft:jump":237,"minecraft:time_since_death":20112,"minecraft:leave_game":2,"minecraft:total_world_time":20112,"minecraft:fall_one_cm":3253},"minecraft:mined":{"minecraft:grass":1,"minecraft:grass_block":2,"minecraft:coal_ore":6,"minecraft:oak_log":31,"biomesoplenty:flowering_oak_leaves":1,"minecraft:dirt":13,"minecraft:tall_grass":1,"botania:blue_mystical_flower":1,"biomesoplenty:sprout":2,"minecraft:stone":23,"minecraft:oak_leaves":1,"vinery:white_grape_bush":1},"minecraft:used":{"minecraft:wooden_axe":26,"minecraft:grass_block":18,"minecraft:stone_pickaxe":20,"minecraft:spruce_slab":1,"minecraft:spruce_planks":101,"minecraft:lectern":1,"minecraft:chest":4,"minecraft:wooden_pickaxe":9,"minecraft:wooden_shovel":17,"create:white_seat":5,"minecraft:stone_axe":17,"minecraft:bedrock":1,"minecraft:wooden_sword":1,"minecraft:crafting_table":1,"minecraft:cooked_porkchop":1,"biomesoplenty:redwood_fence":21},"minecraft:crafted":{"minecraft:oak_planks":8,"minecraft:crafting_table":1,"minecraft:stick":8,"minecraft:stone_pickaxe":1,"minecraft:stone_axe":1}},"DataVersion":3465}