{"stats":{"minecraft:dropped":{"alexsmobs:animal_dictionary":1,"patchouli:guide_book":1,"ars_nouveau:worn_notebook":1},"minecraft:custom":{"minecraft:interact_with_furnace":8,"minecraft:mob_kills":7,"minecraft:interact_with_crafting_table":24,"minecraft:leave_game":9,"minecraft:time_since_death":46090,"minecraft:climb_one_cm":17070,"minecraft:time_since_rest":46130,"minecraft:sprint_one_cm":114000,"minecraft:damage_taken":1116,"minecraft:walk_one_cm":125487,"minecraft:drop":3,"minecraft:damage_dealt":2507,"minecraft:swim_one_cm":195,"minecraft:fly_one_cm":202689,"minecraft:open_chest":21,"minecraft:crouch_one_cm":19001,"minecraft:play_time":81316,"minecraft:deaths":1,"minecraft:sneak_time":9082,"minecraft:walk_under_water_one_cm":428,"minecraft:jump":1158,"minecraft:walk_on_water_one_cm":3680,"minecraft:total_world_time":81316,"minecraft:fall_one_cm":28206},"minecraft:killed":{"alexsmobs:grizzly_bear":1,"minecraft:spider":3,"minecraft:zombie":1,"alexsmobs:bison":2},"minecraft:mined":{"mores:cobalt_ore":3,"minecraft:dandelion":1,"minecraft:crafting_table":4,"minecraft:torch":4,"minecraft:ladder":1,"botania:light_blue_mushroom":1,"biomesoplenty:bush":1,"vinery:red_grape_bush":5,"minecraft:grass_block":36,"biomesoplenty:flowering_oak_leaves":5,"twigs:twig":4,"minecraft:tall_grass":2,"mahoutsukai:mahoujin":1,"minecraft:copper_ore":19,"minecraft:cobblestone":2,"botania:blue_mystical_flower":1,"biomesoplenty:sprout":4,"minecraft:lapis_ore":6,"minecraft:diorite":4,"mysticalagriculture:inferium_ore":22,"mores:tin_ore":16,"minecraft:wall_torch":2,"vinery:white_grape_bush":8,"biomesoplenty:jacaranda_log":1,"minecraft:iron_ore":18,"minecraft:andesite":2,"minecraft:grass":31,"biomesoplenty:sea_oats":8,"biomesoplenty:clover":1,"minecraft:coal_ore":88,"botania:white_mystical_flower":1,"minecraft:oak_log":31,"minecraft:gravel":1,"mores:silver_ore":18,"minecraft:dirt":29,"minecraft:stone":175,"minecraft:oak_leaves":2,"minecraft:fern":2},"minecraft:crafted":{"minecraft:oak_planks":124,"minecraft:stone_shovel":1,"mores:tin_pickaxe":1,"biomesoplenty:jacaranda_planks":4,"minecraft:crafting_table":4,"minecraft:furnace":2,"minecraft:stone_axe":1,"minecraft:air":0,"mores:tin_ingot":36,"minecraft:ladder":78,"minecraft:stick":210,"minecraft:stone_pickaxe":3,"minecraft:stone_sword":1,"minecraft:chest":2,"minecraft:torch":16},"minecraft:killed_by":{"alexsmobs:grizzly_bear":1},"minecraft:used":{"minecraft:stone_sword":72,"minecraft:spruce_slab":1,"minecraft:stone_pickaxe":281,"minecraft:stone_shovel":27,"minecraft:ladder":78,"mores:tin_pickaxe":86,"minecraft:spruce_planks":101,"minecraft:chest":6,"minecraft:wooden_pickaxe":9,"minecraft:wooden_shovel":19,"minecraft:torch":32,"minecraft:dirt":20,"minecraft:crafting_table":6,"biomesoplenty:redwood_fence":21,"minecraft:wooden_axe":26,"minecraft:grass_block":18,"minecraft:lectern":1,"minecraft:stone_axe":34,"minecraft:bedrock":1,"create:white_seat":5,"minecraft:wooden_sword":1,"minecraft:cobblestone":26,"minecraft:furnace":2,"minecraft:cooked_porkchop":8},"minecraft:broken":{"minecraft:stone_pickaxe":1},"minecraft:picked_up":{"minecraft:crafting_table":4,"minecraft:ladder":1,"minecraft:andesite":1,"vinery:red_grape_seeds":14,"alexsmobs:bear_fur":1,"alexsmobs:bison_fur":3,"biomesoplenty:jacaranda_sapling":2,"minecraft:oak_log":31,"botania:light_blue_mushroom":1,"scalinghealth:heart_crystal":1,"minecraft:lapis_lazuli":43,"minecraft:dirt":82,"minecraft:raw_copper":54,"minecraft:apple":1,"minecraft:wheat_seeds":8,"mysticalagriculture:inferium_essence":66,"minecraft:poppy":1,"twigs:twig":9,"minecraft:raw_iron":18,"scalinghealth:heart_crystal_shard":4,"patchouli:guide_book":1,"minecraft:torch":5,"minecraft:dandelion":2,"minecraft:gravel":1,"vinery:white_grape":3,"mores:raw_cobalt":3,"minecraft:diorite":4,"alexsmobs:animal_dictionary":1,"biomesoplenty:flowering_oak_sapling":1,"mores:raw_tin":53,"botania:white_mystical_flower":1,"minecraft:rotten_flesh":2,"biomesoplenty:jacaranda_log":1,"ars_nouveau:worn_notebook":1,"vinery:white_grape_seeds":15,"botania:blue_mystical_flower":1,"minecraft:spruce_sign":1,"minecraft:oak_sapling":4,"mores:raw_silver":18,"minecraft:coal":88,"minecraft:cobblestone":178,"minecraft:oxeye_daisy":3}},"DataVersion":3465}