{"stats":{"minecraft:dropped":{"alexsmobs:animal_dictionary":1,"patchouli:guide_book":1,"ars_nouveau:worn_notebook":1},"minecraft:custom":{"minecraft:interact_with_furnace":14,"minecraft:mob_kills":8,"minecraft:interact_with_crafting_table":28,"minecraft:leave_game":9,"minecraft:time_since_death":58090,"minecraft:climb_one_cm":19472,"minecraft:time_since_rest":58130,"minecraft:sprint_one_cm":138095,"minecraft:damage_taken":1246,"minecraft:walk_one_cm":144909,"minecraft:drop":3,"minecraft:damage_dealt":2722,"minecraft:swim_one_cm":11013,"minecraft:fly_one_cm":223888,"minecraft:open_chest":25,"minecraft:crouch_one_cm":20016,"minecraft:play_time":93316,"minecraft:deaths":1,"minecraft:sneak_time":9744,"minecraft:walk_under_water_one_cm":15159,"minecraft:jump":1366,"minecraft:walk_on_water_one_cm":12838,"minecraft:total_world_time":93316,"minecraft:fall_one_cm":33261},"minecraft:killed":{"alexsmobs:grizzly_bear":1,"minecraft:spider":3,"minecraft:creeper":1,"minecraft:zombie":1,"alexsmobs:bison":2},"minecraft:mined":{"mysticalagriculture:prosperity_ore":10,"mores:cobalt_ore":3,"minecraft:dandelion":1,"minecraft:crafting_table":6,"minecraft:torch":5,"minecraft:granite":2,"minecraft:ladder":1,"botania:light_blue_mushroom":1,"biomesoplenty:bush":1,"vinery:red_grape_bush":5,"minecraft:grass_block":38,"biomesoplenty:flowering_oak_leaves":5,"twigs:twig":6,"minecraft:tall_grass":2,"mahoutsukai:mahoujin":1,"minecraft:copper_ore":19,"minecraft:cobblestone":2,"botania:blue_mystical_flower":1,"biomesoplenty:sprout":5,"minecraft:lapis_ore":6,"minecraft:diorite":4,"mysticalagriculture:inferium_ore":22,"mores:tin_ore":16,"minecraft:wall_torch":2,"vinery:white_grape_bush":13,"supplementaries:urn":5,"biomesoplenty:jacaranda_log":1,"minecraft:furnace":2,"minecraft:iron_ore":25,"minecraft:andesite":2,"minecraft:grass":34,"biomesoplenty:sea_oats":8,"biomesoplenty:clover":1,"minecraft:coal_ore":88,"botania:white_mystical_flower":1,"minecraft:oak_log":31,"minecraft:gravel":1,"mores:silver_ore":18,"minecraft:dirt":30,"minecraft:stone":184,"minecraft:gold_ore":2,"minecraft:oak_leaves":2,"minecraft:fern":2},"minecraft:crafted":{"minecraft:oak_planks":124,"minecraft:stone_shovel":1,"mores:tin_pickaxe":1,"biomesoplenty:jacaranda_planks":4,"minecraft:crafting_table":4,"minecraft:furnace":4,"minecraft:stone_axe":1,"minecraft:air":0,"mores:tin_ingot":36,"minecraft:ladder":78,"minecraft:stick":210,"minecraft:iron_pickaxe":1,"minecraft:iron_ingot":6,"minecraft:stone_pickaxe":3,"minecraft:stone_sword":1,"minecraft:chest":2,"minecraft:torch":16},"minecraft:killed_by":{"alexsmobs:grizzly_bear":1},"minecraft:used":{"minecraft:stone_sword":72,"minecraft:spruce_slab":1,"minecraft:stone_pickaxe":283,"minecraft:stone_shovel":27,"minecraft:ladder":78,"mores:tin_pickaxe":87,"minecraft:spruce_planks":101,"minecraft:chest":6,"minecraft:wooden_pickaxe":9,"minecraft:wooden_shovel":19,"minecraft:torch":33,"minecraft:dirt":20,"minecraft:crafting_table":8,"biomesoplenty:redwood_fence":21,"minecraft:wooden_axe":26,"minecraft:grass_block":18,"minecraft:iron_pickaxe":32,"minecraft:lectern":1,"minecraft:stone_axe":55,"minecraft:bedrock":1,"create:white_seat":5,"minecraft:wooden_sword":1,"minecraft:cobblestone":39,"minecraft:furnace":4,"minecraft:cooked_porkchop":10},"minecraft:broken":{"minecraft:stone_pickaxe":1},"minecraft:picked_up":{"minecraft:crafting_table":6,"minecraft:ladder":1,"minecraft:glow_ink_sac":1,"minecraft:andesite":1,"vinery:red_grape_seeds":14,"alexsmobs:bear_fur":1,"alexsmobs:bison_fur":3,"biomesoplenty:jacaranda_sapling":2,"minecraft:oak_log":31,"botania:light_blue_mushroom":1,"minecraft:gunpowder":2,"scalinghealth:heart_crystal":1,"minecraft:lapis_lazuli":43,"minecraft:dirt":85,"minecraft:raw_copper":54,"minecraft:bone":5,"minecraft:apple":1,"minecraft:wheat_seeds":8,"mysticalagriculture:inferium_essence":66,"minecraft:raw_gold":2,"minecraft:iron_ingot":12,"minecraft:poppy":1,"twigs:twig":11,"minecraft:furnace":2,"minecraft:raw_iron":32,"scalinghealth:heart_crystal_shard":4,"patchouli:guide_book":1,"mysticalagriculture:prosperity_shard":26,"minecraft:torch":14,"minecraft:dandelion":2,"minecraft:gravel":1,"vinery:white_grape":3,"mores:raw_cobalt":3,"minecraft:diorite":4,"alexsmobs:animal_dictionary":1,"biomesoplenty:flowering_oak_sapling":1,"mores:raw_tin":53,"botania:white_mystical_flower":1,"minecraft:rotten_flesh":2,"biomesoplenty:jacaranda_log":1,"ars_nouveau:worn_notebook":1,"vinery:white_grape_seeds":25,"supplementaries:antique_ink":3,"botania:blue_mystical_flower":1,"minecraft:granite":2,"minecraft:spruce_sign":1,"supplementaries:ash":3,"minecraft:oak_sapling":4,"mores:raw_silver":18,"minecraft:coal":115,"minecraft:cobblestone":187,"minecraft:oxeye_daisy":3}},"DataVersion":3465}