{"stats":{"minecraft:dropped":{"minecraft:apple":3,"ars_nouveau:worn_notebook":1,"minecraft:stone_sword":1,"alexsmobs:animal_dictionary":1,"patchouli:guide_book":1},"minecraft:custom":{"minecraft:mob_kills":11,"minecraft:interact_with_crafting_table":42,"minecraft:leave_game":9,"minecraft:time_since_death":82090,"minecraft:climb_one_cm":19472,"minecraft:sprint_one_cm":187141,"minecraft:walk_one_cm":188578,"minecraft:drop":7,"minecraft:play_time":117316,"minecraft:deaths":1,"minecraft:sneak_time":9940,"minecraft:walk_under_water_one_cm":15771,"minecraft:jump":1873,"minecraft:walk_on_water_one_cm":13751,"minecraft:total_world_time":117316,"minecraft:interact_with_furnace":21,"minecraft:sleep_in_bed":3,"minecraft:time_since_rest":4993,"minecraft:waystone_activated":1,"minecraft:damage_taken":1927,"minecraft:damage_dealt":3562,"minecraft:swim_one_cm":11332,"minecraft:fly_one_cm":286249,"minecraft:open_chest":65,"minecraft:crouch_one_cm":20680,"minecraft:fall_one_cm":52206},"minecraft:killed":{"minecraft:spider":3,"alexsmobs:bison":2,"alexsmobs:grizzly_bear":1,"minecraft:creeper":1,"minecraft:zombie":4},"minecraft:mined":{"mysticalagriculture:prosperity_ore":10,"minecraft:white_bed":1,"minecraft:ladder":1,"minecraft:granite":2,"botania:light_blue_mushroom":1,"biomesoplenty:bush":1,"minecraft:grass_block":41,"biomesoplenty:flowering_oak_leaves":9,"minecraft:white_stained_glass":2,"twigs:twig":6,"minecraft:nether_wart":6,"mysticalagriculture:inferium_ore":22,"biomesoplenty:jacaranda_log":1,"minecraft:furnace":2,"minecraft:iron_ore":25,"minecraft:andesite":2,"biomesoplenty:sea_oats":8,"minecraft:bookshelf":9,"minecraft:lantern":3,"minecraft:stone":187,"twigs:opaline_seashell":1,"mores:cobalt_ore":3,"minecraft:soul_sand":2,"minecraft:dandelion":1,"minecraft:crafting_table":6,"minecraft:torch":12,"vinery:red_grape_bush":8,"minecraft:poppy":1,"minecraft:copper_ore":19,"mahoutsukai:mahoujin":1,"minecraft:tall_grass":5,"minecraft:cobblestone":2,"botania:blue_mystical_flower":1,"biomesoplenty:sprout":6,"minecraft:lapis_ore":6,"minecraft:sugar_cane":8,"minecraft:diorite":4,"mores:tin_ore":16,"vinery:white_grape_bush":13,"minecraft:wall_torch":5,"supplementaries:urn":5,"minecraft:grass":48,"biomesoplenty:clover":2,"botania:white_mystical_flower":1,"minecraft:oak_log":42,"minecraft:coal_ore":98,"minecraft:oak_fence_gate":1,"minecraft:gravel":1,"minecraft:dirt":35,"mores:silver_ore":18,"villagersplus:alchemist_table":2,"vinery:apple_leaves":20,"villagersplus:occultist_table":2,"minecraft:gold_ore":2,"minecraft:oak_leaves":7,"minecraft:fern":3},"minecraft:crafted":{"minecraft:oak_planks":168,"mores:tin_pickaxe":1,"minecraft:stone_shovel":1,"minecraft:furnace":4,"ars_nouveau:novice_spell_book":1,"minecraft:iron_axe":1,"minecraft:ladder":78,"mores:tin_ingot":43,"minecraft:stone_pickaxe":3,"minecraft:chest":4,"minecraft:stone_hoe":1,"mysticalagriculture:inferium_seeds":8,"biomesoplenty:jacaranda_planks":4,"minecraft:crafting_table":4,"minecraft:iron_sword":1,"minecraft:bucket":1,"minecraft:stone_axe":1,"minecraft:air":0,"minecraft:gold_nugget":9,"minecraft:stick":214,"minecraft:iron_ingot":6,"minecraft:iron_pickaxe":1,"minecraft:stone_sword":1,"minecraft:iron_shovel":1,"minecraft:gold_ingot":1,"minecraft:torch":16},"minecraft:killed_by":{"alexsmobs:grizzly_bear":1},"minecraft:used":{"minecraft:stone_sword":100,"minecraft:stone_shovel":27,"minecraft:spruce_slab":1,"minecraft:ladder":78,"mores:tin_pickaxe":107,"minecraft:chest":8,"minecraft:spruce_planks":101,"minecraft:wooden_shovel":19,"minecraft:stone_hoe":14,"minecraft:torch":43,"minecraft:dirt":26,"biomesoplenty:redwood_fence":21,"mysticalagriculture:inferium_seeds":8,"minecraft:wooden_axe":26,"minecraft:iron_axe":1,"minecraft:grass_block":18,"minecraft:bedrock":1,"minecraft:furnace":4,"minecraft:water_bucket":3,"minecraft:stone_pickaxe":283,"minecraft:wooden_pickaxe":9,"minecraft:crafting_table":9,"minecraft:white_bed":2,"waystones:waystone":1,"minecraft:iron_pickaxe":45,"minecraft:lectern":1,"create:white_seat":5,"minecraft:stone_axe":110,"minecraft:wooden_sword":1,"minecraft:cobblestone":39,"minecraft:cooked_porkchop":16,"minecraft:bucket":3},"minecraft:broken":{"minecraft:stone_pickaxe":1,"mores:tin_pickaxe":1},"minecraft:picked_up":{"minecraft:crafting_table":6,"minecraft:ladder":1,"minecraft:nether_wart":19,"vinery:red_grape_seeds":21,"biomesoplenty:jacaranda_sapling":2,"botania:light_blue_mushroom":1,"minecraft:raw_copper":54,"twigs:opaline_seashell":1,"mysticalagriculture:inferium_essence":66,"vinery:apple_tree_sapling":2,"minecraft:poppy":2,"minecraft:sugar_cane":20,"minecraft:furnace":2,"minecraft:raw_iron":32,"minecraft:torch":24,"mysticalagriculture:prosperity_shard":26,"minecraft:diorite":4,"mores:raw_tin":53,"botania:white_mystical_flower":1,"minecraft:stone_sword":1,"minecraft:rotten_flesh":5,"biomesoplenty:jacaranda_log":1,"villagersplus:occultist_table":2,"ars_nouveau:worn_notebook":1,"vinery:white_grape_seeds":25,"supplementaries:antique_ink":3,"botania:blue_mystical_flower":1,"supplementaries:ash":3,"villagersplus:alchemist_table":1,"minecraft:cobblestone":190,"minecraft:oxeye_daisy":3,"minecraft:glow_ink_sac":1,"minecraft:andesite":1,"alexsmobs:bison_fur":3,"alexsmobs:bear_fur":1,"minecraft:oak_log":42,"minecraft:gunpowder":2,"scalinghealth:heart_crystal":1,"minecraft:lapis_lazuli":43,"minecraft:dirt":93,"minecraft:lantern":3,"minecraft:bone":5,"minecraft:apple":22,"minecraft:wheat_seeds":11,"minecraft:raw_gold":2,"minecraft:iron_ingot":12,"minecraft:oak_fence_gate":1,"twigs:twig":11,"minecraft:soul_sand":2,"minecraft:book":27,"scalinghealth:heart_crystal_shard":4,"patchouli:guide_book":1,"minecraft:dandelion":2,"minecraft:gravel":1,"vinery:white_grape":3,"mores:raw_cobalt":3,"minecraft:white_bed":2,"alexsmobs:animal_dictionary":1,"biomesoplenty:flowering_oak_sapling":2,"waystones:waystone":1,"minecraft:granite":2,"minecraft:spruce_sign":1,"minecraft:oak_sapling":4,"mores:raw_silver":18,"minecraft:coal":125}},"DataVersion":3465}