{"stats":{"minecraft:picked_up":{"minecraft:seagrass":4,"minecraft:wheat":54,"vinery:red_grape":193,"minecraft:smithing_table":3,"vinery:red_grape_seeds":30,"botania:light_blue_mushroom":1,"ars_nouveau:glyph_craft":1,"minecraft:string":16,"minecraft:raw_copper":184,"shieldexp:wooden_shield":1,"minecraft:armor_stand":2,"mores:tourmaline_gem":5,"biomesoplenty:tall_lavender":7,"minecraft:experience_bottle":1,"mysticalagriculture:inferium_essence":272,"minecraft:gold_nugget":7,"minecraft:cobbled_deepslate":14,"twigs:pebble":13,"minecraft:rose_bush":3,"minecraft:coal_block":5,"alexsmobs:raccoon_tail":2,"hangglider:hang_glider":1,"biomesoplenty:redwood_wood":3,"minecraft:iron_boots":1,"minecraft:furnace":4,"minecraft:beehive":2,"mysticalagriculture:prosperity_shard":91,"minecraft:torch":114,"create:andesite_casing":7,"minecraft:porkchop":30,"minecraft:dried_kelp":128,"mysticalagriculture:inferium_seeds":34,"minecraft:diorite":485,"create:large_cogwheel":12,"mores:raw_tin":167,"botania:white_mystical_flower":2,"minecraft:stone_sword":3,"minecraft:rotten_flesh":22,"minecraft:tropical_fish":1,"create:scoria":2,"villagersplus:occultist_table":3,"ars_nouveau:worn_notebook":1,"supplementaries:antique_ink":3,"minecraft:iron_block":1,"supplementaries:ash":21,"ars_nouveau:glyph_touch":1,"villagersplus:alchemist_table":3,"minecraft:obsidian":14,"twigs:tangerine_seashell":1,"create:speedometer":3,"minecraft:cobblestone":2543,"biomesoplenty:lavender":23,"minecraft:cooked_beef":2,"ars_nouveau:archwood_button":2,"minecraft:andesite":68,"alexsmobs:bear_fur":1,"alexsmobs:bison_fur":5,"create:belt_connector":2,"minecraft:flint":7,"create:raw_zinc":39,"minecraft:horn_coral":1,"ars_nouveau:scribes_table":4,"minecraft:lapis_lazuli":139,"minecraft:lantern":14,"minecraft:dirt":258,"securitycraft:reinforced_stone_button":24,"minecraft:bone":30,"minecraft:bow":1,"botania:pink_mystical_flower":3,"minecraft:wheat_seeds":172,"ars_nouveau:stripped_blue_archwood_log":1,"minecraft:raw_gold":8,"minecraft:bell":1,"create:shaft":23,"minecraft:fletching_table":1,"minecraft:glowstone_dust":5,"minecraft:moss_block":1,"twigs:twig":16,"minecraft:oak_planks":3,"cagedmobs:milk_drop":8,"create:gearshift":1,"botania:red_mystical_flower":2,"patchouli:guide_book":1,"create:cogwheel":30,"vinery:white_grape":140,"minecraft:sand":9,"minecraft:stripped_spruce_log":1,"mores:raw_cobalt":45,"minecraft:grass_block":3,"minecraft:cyan_bed":1,"minecraft:barrel":3,"alexsmobs:animal_dictionary":1,"minecraft:yellow_carpet":4,"minecraft:soul_lantern":1,"minecraft:diamond":2,"minecraft:lever":1,"waystones:waystone":1,"botania:orange_mushroom":1,"minecraft:granite":22,"minecraft:spruce_sign":1,"scalinghealth:cursed_heart":1,"minecraft:netherrack":1,"mores:raw_silver":51,"minecraft:oak_sapling":7,"twigs:rhyolite":9,"minecraft:charcoal":4,"minecraft:crafting_table":15,"minecraft:nether_wart":52,"minecraft:chicken":1,"minecraft:ladder":2,"biomesoplenty:jacaranda_sapling":6,"minecraft:fire_coral":2,"ars_nouveau:archwood_slab":3,"minecraft:moss_carpet":3,"minecraft:item_frame":2,"ars_nouveau:glyph_pull":2,"twigs:opaline_seashell":3,"minecraft:candle":5,"vinery:apple_tree_sapling":4,"minecraft:beef":96,"minecraft:poppy":4,"minecraft:spruce_slab":7,"minecraft:sugar_cane":63,"minecraft:chest":7,"minecraft:egg":1,"minecraft:raw_copper_block":1,"minecraft:raw_iron":134,"botania:purple_mushroom":1,"minecraft:note_block":8,"ars_nouveau:blue_archwood_log":60,"create:hand_crank":9,"minecraft:redstone":41,"minecraft:arrow":14,"minecraft:cooked_cod":1,"biomesoplenty:jacaranda_log":87,"minecraft:beetroot_seeds":2,"vinery:white_grape_seeds":41,"botania:blue_mystical_flower":1,"botania:green_mystical_flower":2,"minecraft:mutton":18,"minecraft:skeleton_skull":2,"minecraft:white_wool":14,"minecraft:oxeye_daisy":4,"farmersdelight:rich_soil":3,"create:iron_sheet":4,"minecraft:glow_ink_sac":1,"minecraft:salmon":2,"minecraft:leather":49,"biomesoplenty:jacaranda_door":9,"minecraft:oak_log":76,"create:andesite_alloy":2,"scalinghealth:bandages":1,"minecraft:yellow_bed":5,"biomesoplenty:jacaranda_planks":5,"securitycraft:keypad_chest":2,"minecraft:gunpowder":7,"scalinghealth:heart_crystal":1,"minecraft:paper":8,"minecraft:apple":32,"minecraft:stone_bricks":2,"minecraft:kelp":252,"minecraft:iron_ingot":15,"minecraft:oak_fence_gate":2,"minecraft:stone_pickaxe":1,"scalinghealth:power_crystal_shard":2,"minecraft:soul_sand":14,"minecraft:scaffolding":10,"minecraft:book":66,"minecraft:tropical_fish_bucket":2,"minecraft:smooth_basalt":1,"scalinghealth:heart_crystal_shard":40,"minecraft:chiseled_stone_bricks":1,"minecraft:dandelion":3,"ars_nouveau:novice_spell_book":2,"minecraft:gravel":22,"twigs:bronzed_seashell":1,"minecraft:white_bed":2,"minecraft:spruce_log":3,"villagersplus:oceanographer_table":2,"minecraft:spider_eye":5,"create:gearbox":7,"biomesoplenty:flowering_oak_sapling":2,"minecraft:diamond_shovel":1,"minecraft:stone_axe":2,"mores:anthracite":1,"create:encased_fan":4,"botania:orange_mystical_flower":1,"minecraft:black_wool":2,"storagenetwork:kabel":1,"minecraft:coal":229},"minecraft:killed_by":{"minecraft:zombie":1,"alexsmobs:grizzly_bear":1,"minecraft:enderman":2,"minecraft:skeleton":1},"minecraft:dropped":{"ars_nouveau:novice_spell_book":2,"minecraft:dirt":6,"hangglider:hang_glider":1,"alexsmobs:animal_dictionary":1,"minecraft:rotten_flesh":2,"minecraft:diamond_shovel":1,"patchouli:guide_book":1,"supplementaries:ash":9,"mysticalagriculture:inferium_essence":1,"minecraft:beef":91,"create:andesite_alloy":2,"minecraft:iron_ingot":6,"minecraft:stripped_spruce_log":1,"minecraft:wheat_seeds":1,"biomesoplenty:lavender":1,"minecraft:cobblestone":3,"minecraft:apple":5,"ars_nouveau:worn_notebook":1,"minecraft:kelp":256,"minecraft:stone_sword":2,"vinery:red_grape":40,"minecraft:wooden_pickaxe":1,"securitycraft:universal_block_reinforcer_lvl1":1},"minecraft:mined":{"create:deepslate_zinc_ore":10,"minecraft:white_bed":1,"farmersdelight:rich_soil":3,"minecraft:farmland":3,"botania:red_mystical_flower":2,"create:andesite_casing":8,"minecraft:obsidian":14,"minecraft:granite":22,"botania:light_blue_mushroom":1,"minecraft:grass_block":110,"minecraft:yellow_carpet":4,"biomesoplenty:flowering_oak_leaves":10,"twigs:twig":7,"minecraft:coal_block":5,"minecraft:frosted_ice":3,"create:belt":2,"minecraft:nether_wart":13,"minecraft:oxeye_daisy":1,"mysticalagriculture:inferium_ore":68,"minecraft:chiseled_stone_bricks":1,"minecraft:tall_seagrass":1,"biomesoplenty:tall_lavender":10,"mores:deepslate_tourmaline_ore":4,"minecraft:glowstone":2,"minecraft:iron_ore":111,"create:speedometer":3,"minecraft:barrel":4,"minecraft:fire":8,"biomesoplenty:lavender":18,"minecraft:moss_carpet":1,"minecraft:fletching_table":1,"minecraft:deepslate_lapis_ore":2,"biomesoplenty:hanging_cobweb":7,"create:gearshift":1,"minecraft:iron_block":1,"minecraft:spruce_slab":7,"botania:green_mystical_flower":2,"biomesoplenty:jacaranda_leaves":18,"minecraft:deepslate_redstone_ore":2,"create:cogwheel":30,"botania:orange_mystical_flower":1,"minecraft:kelp_plant":34,"biomesoplenty:jacaranda_planks":4,"minecraft:soul_lantern":1,"biomesoplenty:hanging_cobweb_strand":1,"minecraft:torch":39,"minecraft:note_block":4,"mysticalagriculture:inferium_crop":31,"vinery:red_grape_bush":11,"minecraft:poppy":2,"minecraft:chest":7,"create:scoria":2,"mores:tourmaline_ore":1,"mores:anthracite_ore":1,"mahoutsukai:mahoujin":3,"minecraft:cobblestone":119,"botania:blue_mystical_flower":1,"minecraft:sugar_cane":15,"minecraft:cyan_bed":1,"minecraft:oak_planks":3,"ars_nouveau:scribes_table":4,"minecraft:wall_torch":20,"vinery:white_grape_bush":19,"minecraft:deepslate_copper_ore":1,"minecraft:skeleton_skull":2,"minecraft:seagrass":2,"minecraft:wheat":53,"minecraft:grass":233,"biomesoplenty:clover":12,"minecraft:oak_log":75,"minecraft:oak_fence_gate":1,"create:hand_crank":4,"mores:silver_ore":54,"minecraft:dirt":75,"minecraft:sand":9,"villagersplus:alchemist_table":3,"mysticalagriculture:deepslate_prosperity_ore":2,"minecraft:smooth_basalt":1,"twigs:rhyolite":9,"vinery:apple_leaves":20,"villagersplus:occultist_table":3,"minecraft:raw_copper_block":1,"minecraft:netherrack":1,"minecraft:oak_leaves":15,"mysticalagriculture:deepslate_inferium_ore":8,"minecraft:deepslate":6,"villagersplus:oceanographer_table":2,"create:zinc_ore":29,"ars_nouveau:stripped_blue_archwood_log":1,"mysticalagriculture:prosperity_ore":31,"minecraft:deepslate_diamond_ore":2,"minecraft:candle":2,"minecraft:ladder":2,"biomesoplenty:bush":1,"create:large_cogwheel":12,"minecraft:white_stained_glass":2,"botania:orange_mushroom":1,"create:encased_fan":6,"minecraft:moss_block":2,"minecraft:kelp":8,"biomesoplenty:dune_grass":2,"botania:purple_mushroom":1,"biomesoplenty:jacaranda_log":88,"minecraft:redstone_ore":7,"create:shaft":23,"minecraft:furnace":4,"minecraft:andesite":67,"minecraft:stripped_spruce_log":1,"twigs:bronzed_seashell":1,"mores:deepslate_cobalt_ore":10,"minecraft:bell":1,"biomesoplenty:sea_oats":21,"minecraft:bookshelf":22,"minecraft:deepslate_iron_ore":10,"minecraft:vine":2,"minecraft:lantern":9,"biomesoplenty:jacaranda_door":9,"minecraft:stone":2343,"twigs:opaline_seashell":2,"minecraft:smithing_table":3,"minecraft:scaffolding":7,"twigs:pebble":3,"mores:cobalt_ore":35,"minecraft:soul_sand":10,"minecraft:infested_stone_bricks":1,"minecraft:dandelion":2,"minecraft:crafting_table":15,"minecraft:rose_bush":4,"minecraft:campfire":2,"minecraft:tall_grass":35,"minecraft:copper_ore":54,"minecraft:deepslate_gold_ore":1,"biomesoplenty:sprout":16,"minecraft:lapis_ore":18,"minecraft:diorite":480,"ars_nouveau:blue_archwood_leaves":4,"mores:tin_ore":48,"supplementaries:urn":11,"botania:pink_mystical_flower":3,"farmersdelight:wild_beetroots":2,"ars_nouveau:blue_archwood_log":32,"minecraft:beehive":2,"create:gearbox":10,"twigs:tangerine_seashell":1,"minecraft:spruce_log":3,"minecraft:yellow_bed":5,"minecraft:black_wool":2,"botania:white_mystical_flower":2,"minecraft:coal_ore":199,"minecraft:gravel":27,"minecraft:cobweb":9,"biomesoplenty:stringy_cobweb":1,"minecraft:stone_bricks":3,"storagenetwork:kabel":1,"minecraft:gold_ore":2,"biomesoplenty:redwood_wood":3,"minecraft:fern":9},"minecraft:killed":{"minecraft:spider":9,"minecraft:skeleton":7,"minecraft:chicken":1,"minecraft:silverfish":2,"minecraft:pig":13,"alexsmobs:grizzly_bear":1,"minecraft:creeper":1,"minecraft:sheep":10,"minecraft:pillager":1,"minecraft:zombie":13,"alexsmobs:fly":1,"minecraft:cow":8,"alexsmobs:raccoon":1,"alexsmobs:bison":4,"ars_nouveau:drygmy":1,"minecraft:enderman":4},"minecraft:crafted":{"minecraft:oak_planks":304,"ars_nouveau:archwood_planks":60,"hangglider:hang_glider":1,"minecraft:chain":2,"minecraft:stone":32,"minecraft:lever":2,"securitycraft:keypad_item":3,"minecraft:heavy_weighted_pressure_plate":3,"patchouli:guide_book":1,"minecraft:iron_bars":16,"minecraft:glass":8,"minecraft:hopper":1,"create:andesite_funnel":2,"sophisticatedbackpacks:copper_backpack":1,"create:mechanical_press":1,"cagedmobs:hopping_mob_cage":1,"mores:tin_ingot":43,"ars_nouveau:archwood_button":2,"cagedmobs:dna_sampler":1,"minecraft:chest":18,"minecraft:stone_hoe":1,"create:cogwheel":26,"minecraft:oak_fence":18,"minecraft:dropper":1,"storagenetwork:kabel":8,"sophisticatedbackpacks:backpack":1,"biomesoplenty:jacaranda_planks":168,"minecraft:cooked_porkchop":23,"minecraft:crafting_table":9,"minecraft:spruce_planks":12,"minecraft:wooden_pickaxe":2,"minecraft:copper_ingot":161,"create:gearshift":2,"create:gearbox":3,"create:encased_fan":1,"minecraft:iron_chestplate":1,"minecraft:paper":6,"create:water_wheel":1,"minecraft:stick":408,"minecraft:stone_slab":12,"minecraft:iron_pickaxe":5,"minecraft:compass":1,"minecraft:iron_ingot":161,"shieldexp:wooden_shield":1,"minecraft:iron_block":5,"minecraft:stone_sword":3,"minecraft:gold_ingot":11,"create:large_cogwheel":2,"create:propeller":1,"ars_nouveau:scribes_table":1,"minecraft:shears":1,"hangglider:glider_framework":1,"mores:tin_pickaxe":1,"minecraft:stone_shovel":1,"minecraft:fishing_rod":1,"vanillaplustools:stone_hammer":2,"minecraft:iron_nugget":90,"comforts:sleeping_bag_white":1,"minecraft:furnace":4,"minecraft:stone_button":24,"minecraft:bone_meal":3,"hangglider:glider_wing":2,"ars_nouveau:archwood_slab":6,"minecraft:flint_and_steel":1,"ars_nouveau:novice_spell_book":1,"minecraft:leather":5,"minecraft:iron_axe":2,"securitycraft:universal_block_remover":1,"minecraft:ladder":108,"minecraft:stone_pickaxe":24,"biomesoplenty:jacaranda_door":3,"create:belt_connector":22,"sophisticatedbackpacks:iron_backpack":1,"minecraft:cooked_beef":52,"minecraft:cooked_cod":4,"mysticalagriculture:inferium_seeds":8,"create:andesite_alloy":29,"create:hand_crank":1,"biomesoplenty:jacaranda_boat":1,"biomesoplenty:redwood_planks":12,"minecraft:iron_sword":1,"cagedmobs:mob_cage":1,"minecraft:bucket":2,"mores:steel_pickaxe":1,"minecraft:stone_axe":2,"minecraft:white_stained_glass":8,"minecraft:air":0,"create:speedometer":1,"minecraft:gold_nugget":9,"minecraft:white_dye":1,"storagenetwork:inventory":1,"minecraft:iron_shovel":1,"create:shaft":64,"minecraft:torch":56},"minecraft:custom":{"minecraft:interact_with_crafting_table":152,"minecraft:open_barrel":15,"goblintraders:trade_with_goblin":93,"minecraft:leave_game":18,"minecraft:time_since_death":120726,"minecraft:sprint_one_cm":1030636,"minecraft:drop":48,"minecraft:play_noteblock":6,"minecraft:talked_to_villager":16,"minecraft:play_time":683229,"minecraft:deaths":8,"minecraft:jump":10599,"minecraft:walk_on_water_one_cm":69101,"minecraft:interact_with_furnace":104,"minecraft:sleep_in_bed":25,"minecraft:waystone_activated":1,"minecraft:damage_dealt":16890,"minecraft:crouch_one_cm":97982,"minecraft:interact_with_smithing_table":1,"minecraft:mob_kills":78,"minecraft:climb_one_cm":182474,"minecraft:walk_one_cm":1225544,"minecraft:sneak_time":52333,"minecraft:walk_under_water_one_cm":53038,"minecraft:total_world_time":683229,"minecraft:time_since_rest":0,"minecraft:damage_taken":8606,"minecraft:swim_one_cm":55684,"minecraft:fly_one_cm":1620714,"minecraft:open_chest":505,"minecraft:fall_one_cm":275748},"minecraft:used":{"minecraft:spruce_slab":1,"minecraft:ladder":84,"mores:tin_pickaxe":107,"minecraft:chest":25,"vinery:white_grape":17,"minecraft:iron_chestplate":1,"securitycraft:keypad_item":3,"create:cogwheel":72,"biomesoplenty:redwood_fence":21,"create:speedometer":3,"mysticalagriculture:inferium_seeds":42,"minecraft:lava_bucket":10,"minecraft:grass_block":18,"mysticalagriculture:inferium_essence":14,"minecraft:stone_bricks":2,"create:andesite_funnel":1,"minecraft:bedrock":1,"create:shaft":45,"minecraft:furnace":6,"minecraft:cooked_cod":3,"vinery:white_grape_seeds":25,"ars_nouveau:archwood_button":1,"minecraft:diorite":7,"mores:steel_pickaxe":19,"minecraft:oak_planks":43,"minecraft:stone_pickaxe":621,"minecraft:wooden_pickaxe":20,"ars_nouveau:archwood_planks":1,"securitycraft:universal_block_remover":2,"biomesoplenty:jacaranda_planks":19,"waystones:waystone":1,"minecraft:lever":3,"minecraft:lectern":1,"biomesoplenty:jacaranda_boat":1,"minecraft:gravel":9,"create:white_seat":5,"minecraft:wooden_sword":1,"goblintraders:goblin_trader_spawn_egg":1,"minecraft:andesite":4,"create:large_cogwheel":14,"minecraft:oak_fence":12,"minecraft:stone_sword":456,"minecraft:flint_and_steel":12,"minecraft:stone_shovel":27,"securitycraft:keypad_chest":2,"storagenetwork:kabel":3,"minecraft:spruce_planks":113,"vanillaplustools:stone_hammer":262,"minecraft:wooden_shovel":19,"minecraft:stone_hoe":34,"minecraft:torch":164,"minecraft:dirt":85,"minecraft:wooden_axe":26,"minecraft:iron_axe":245,"create:gearbox":12,"biomesoplenty:jacaranda_log":2,"minecraft:cooked_beef":18,"create:belt_connector":12,"vinery:red_grape":57,"create:gearshift":3,"biomesoplenty:jacaranda_door":10,"minecraft:water_bucket":35,"storagenetwork:inventory":1,"cagedmobs:dna_sampler":1,"create:encased_fan":7,"ars_nouveau:stripped_blue_archwood_log":1,"minecraft:crafting_table":20,"ars_nouveau:blue_archwood_log":8,"minecraft:cod":3,"minecraft:white_bed":2,"minecraft:black_wool":1,"minecraft:apple":2,"minecraft:diamond_shovel":33,"create:mechanical_press":1,"minecraft:iron_pickaxe":1250,"create:water_wheel":1,"minecraft:stone_axe":264,"cagedmobs:hopping_mob_cage":1,"minecraft:cobblestone":473,"minecraft:porkchop":5,"minecraft:cooked_porkchop":39,"minecraft:bucket":47,"create:hand_crank":9,"vinery:red_grape_seeds":21,"ars_nouveau:scribes_table":5},"minecraft:broken":{"minecraft:stone_pickaxe":3,"minecraft:stone_axe":1,"minecraft:stone_sword":1,"blue_skies:horizonite_helmet":1,"vanillaplustools:stone_hammer":2,"mores:tin_pickaxe":1,"minecraft:iron_axe":1,"minecraft:iron_pickaxe":4}},"DataVersion":3465}