{"stats":{"minecraft:used":{"create:white_seat":5,"minecraft:bedrock":1,"minecraft:lectern":1,"minecraft:spruce_planks":99,"minecraft:grass_block":18,"biomesoplenty:redwood_fence":21,"minecraft:spruce_slab":1},"minecraft:picked_up":{"minecraft:oak_sapling":1},"minecraft:custom":{"minecraft:jump":20,"minecraft:time_since_rest":5680,"minecraft:crouch_one_cm":703,"minecraft:sprint_one_cm":21,"minecraft:play_time":5680,"minecraft:time_since_death":5680,"minecraft:walk_one_cm":5226,"minecraft:sneak_time":332,"minecraft:total_world_time":5680,"minecraft:fly_one_cm":23746}},"DataVersion":3465}