{"stats":{"minecraft:used":{"minecraft:stone_sword":67,"minecraft:stone_shovel":27,"minecraft:spruce_slab":1,"minecraft:stone_pickaxe":158,"minecraft:ladder":78,"mores:tin_pickaxe":73,"minecraft:chest":6,"minecraft:spruce_planks":101,"minecraft:wooden_pickaxe":9,"minecraft:wooden_shovel":19,"minecraft:torch":29,"minecraft:dirt":20,"minecraft:crafting_table":5,"biomesoplenty:redwood_fence":21,"minecraft:wooden_axe":26,"minecraft:grass_block":18,"minecraft:lectern":1,"create:white_seat":5,"minecraft:stone_axe":29,"minecraft:bedrock":1,"minecraft:wooden_sword":1,"minecraft:cobblestone":11,"minecraft:furnace":2,"minecraft:cooked_porkchop":7},"minecraft:killed_by":{"alexsmobs:grizzly_bear":1},"minecraft:broken":{"minecraft:stone_pickaxe":1},"minecraft:picked_up":{"minecraft:crafting_table":3,"minecraft:ladder":1,"alexsmobs:bison_fur":3,"vinery:red_grape_seeds":14,"alexsmobs:bear_fur":1,"biomesoplenty:jacaranda_sapling":2,"minecraft:oak_log":31,"scalinghealth:heart_crystal":1,"minecraft:lapis_lazuli":43,"minecraft:dirt":82,"minecraft:raw_copper":20,"minecraft:apple":1,"minecraft:wheat_seeds":8,"mysticalagriculture:inferium_essence":3,"minecraft:poppy":1,"twigs:twig":9,"scalinghealth:heart_crystal_shard":4,"patchouli:guide_book":1,"minecraft:torch":3,"minecraft:dandelion":2,"vinery:white_grape":3,"botania:white_mystical_flower":1,"alexsmobs:animal_dictionary":1,"biomesoplenty:flowering_oak_sapling":1,"mores:raw_tin":36,"minecraft:rotten_flesh":2,"ars_nouveau:worn_notebook":1,"vinery:white_grape_seeds":15,"botania:blue_mystical_flower":1,"minecraft:spruce_sign":1,"minecraft:oak_sapling":4,"minecraft:coal":57,"minecraft:cobblestone":158,"minecraft:oxeye_daisy":3},"minecraft:killed":{"alexsmobs:grizzly_bear":1,"minecraft:spider":3,"minecraft:zombie":1,"alexsmobs:bison":2},"minecraft:dropped":{"alexsmobs:animal_dictionary":1,"patchouli:guide_book":1,"ars_nouveau:worn_notebook":1},"minecraft:custom":{"minecraft:interact_with_furnace":8,"minecraft:mob_kills":7,"minecraft:interact_with_crafting_table":23,"minecraft:leave_game":4,"minecraft:time_since_death":31999,"minecraft:climb_one_cm":17070,"minecraft:time_since_rest":32039,"minecraft:sprint_one_cm":79913,"minecraft:damage_taken":1076,"minecraft:walk_one_cm":85224,"minecraft:drop":3,"minecraft:damage_dealt":2308,"minecraft:crouch_one_cm":13060,"minecraft:fly_one_cm":184269,"minecraft:open_chest":21,"minecraft:play_time":67225,"minecraft:deaths":1,"minecraft:sneak_time":6489,"minecraft:jump":935,"minecraft:walk_on_water_one_cm":659,"minecraft:total_world_time":67225,"minecraft:fall_one_cm":24350},"minecraft:mined":{"minecraft:dandelion":1,"minecraft:crafting_table":3,"minecraft:torch":1,"minecraft:ladder":1,"biomesoplenty:bush":1,"vinery:red_grape_bush":5,"minecraft:grass_block":36,"biomesoplenty:flowering_oak_leaves":5,"twigs:twig":4,"minecraft:copper_ore":7,"mahoutsukai:mahoujin":1,"minecraft:tall_grass":2,"minecraft:cobblestone":2,"botania:blue_mystical_flower":1,"biomesoplenty:sprout":4,"minecraft:lapis_ore":6,"mores:tin_ore":10,"minecraft:wall_torch":2,"vinery:white_grape_bush":8,"biomesoplenty:sea_oats":8,"minecraft:grass":29,"biomesoplenty:clover":1,"botania:white_mystical_flower":1,"minecraft:coal_ore":57,"minecraft:oak_log":31,"minecraft:dirt":29,"minecraft:stone":157,"minecraft:oak_leaves":2,"minecraft:fern":2},"minecraft:crafted":{"minecraft:oak_planks":124,"mores:tin_pickaxe":1,"minecraft:stone_shovel":1,"minecraft:crafting_table":3,"minecraft:furnace":2,"minecraft:stone_axe":1,"minecraft:air":0,"mores:tin_ingot":36,"minecraft:ladder":78,"minecraft:stick":210,"minecraft:stone_pickaxe":2,"minecraft:stone_sword":1,"minecraft:chest":2,"minecraft:torch":12}},"DataVersion":3465}