{"stats":{"minecraft:used":{"minecraft:spruce_slab":1,"minecraft:ladder":84,"mores:tin_pickaxe":107,"minecraft:chest":24,"vinery:white_grape":17,"securitycraft:keypad_item":3,"create:cogwheel":55,"biomesoplenty:redwood_fence":21,"create:speedometer":3,"mysticalagriculture:inferium_seeds":33,"minecraft:grass_block":18,"mysticalagriculture:inferium_essence":14,"minecraft:stone_bricks":2,"create:andesite_funnel":1,"minecraft:bedrock":1,"create:shaft":31,"minecraft:furnace":6,"minecraft:cooked_cod":3,"vinery:white_grape_seeds":25,"ars_nouveau:archwood_button":1,"minecraft:diorite":7,"minecraft:stone_pickaxe":621,"minecraft:oak_planks":43,"minecraft:wooden_pickaxe":20,"ars_nouveau:archwood_planks":1,"securitycraft:universal_block_remover":2,"waystones:waystone":1,"minecraft:lever":1,"minecraft:lectern":1,"biomesoplenty:jacaranda_boat":1,"minecraft:gravel":9,"create:white_seat":5,"minecraft:wooden_sword":1,"goblintraders:goblin_trader_spawn_egg":1,"minecraft:andesite":4,"create:large_cogwheel":2,"minecraft:oak_fence":12,"minecraft:stone_sword":383,"minecraft:flint_and_steel":11,"minecraft:stone_shovel":27,"securitycraft:keypad_chest":2,"storagenetwork:kabel":3,"minecraft:spruce_planks":109,"vanillaplustools:stone_hammer":258,"minecraft:wooden_shovel":19,"minecraft:stone_hoe":34,"minecraft:torch":152,"minecraft:dirt":81,"minecraft:wooden_axe":26,"create:gearbox":2,"minecraft:iron_axe":188,"biomesoplenty:jacaranda_log":2,"minecraft:cooked_beef":5,"create:belt_connector":8,"vinery:red_grape":57,"create:gearshift":1,"biomesoplenty:jacaranda_door":10,"minecraft:water_bucket":22,"storagenetwork:inventory":1,"cagedmobs:dna_sampler":1,"create:encased_fan":7,"ars_nouveau:stripped_blue_archwood_log":1,"minecraft:crafting_table":20,"ars_nouveau:blue_archwood_log":6,"minecraft:cod":3,"minecraft:white_bed":2,"minecraft:black_wool":1,"minecraft:apple":2,"minecraft:diamond_shovel":33,"create:mechanical_press":1,"minecraft:iron_pickaxe":1087,"create:water_wheel":1,"minecraft:stone_axe":264,"cagedmobs:hopping_mob_cage":1,"minecraft:cobblestone":341,"minecraft:porkchop":5,"minecraft:cooked_porkchop":39,"minecraft:bucket":23,"create:hand_crank":9,"vinery:red_grape_seeds":21,"ars_nouveau:scribes_table":5},"minecraft:killed_by":{"minecraft:zombie":1,"alexsmobs:grizzly_bear":1,"minecraft:enderman":2,"minecraft:skeleton":1},"minecraft:broken":{"minecraft:stone_pickaxe":3,"minecraft:stone_axe":1,"minecraft:stone_sword":1,"blue_skies:horizonite_helmet":1,"vanillaplustools:stone_hammer":1,"mores:tin_pickaxe":1,"minecraft:iron_pickaxe":4},"minecraft:picked_up":{"vinery:red_grape":165,"minecraft:wheat":5,"minecraft:smithing_table":1,"vinery:red_grape_seeds":30,"botania:light_blue_mushroom":1,"ars_nouveau:glyph_craft":1,"minecraft:string":16,"minecraft:raw_copper":184,"shieldexp:wooden_shield":1,"mores:tourmaline_gem":5,"biomesoplenty:tall_lavender":5,"mysticalagriculture:inferium_essence":239,"minecraft:gold_nugget":7,"minecraft:cobbled_deepslate":14,"twigs:pebble":13,"minecraft:rose_bush":3,"alexsmobs:raccoon_tail":2,"hangglider:hang_glider":1,"biomesoplenty:redwood_wood":3,"minecraft:iron_boots":1,"minecraft:furnace":4,"minecraft:torch":106,"mysticalagriculture:prosperity_shard":91,"create:andesite_casing":5,"minecraft:porkchop":30,"minecraft:dried_kelp":128,"mysticalagriculture:inferium_seeds":25,"minecraft:diorite":485,"mores:raw_tin":167,"botania:white_mystical_flower":2,"minecraft:stone_sword":3,"minecraft:rotten_flesh":20,"minecraft:tropical_fish":1,"create:scoria":2,"villagersplus:occultist_table":2,"ars_nouveau:worn_notebook":1,"supplementaries:antique_ink":3,"supplementaries:ash":12,"ars_nouveau:glyph_touch":1,"villagersplus:alchemist_table":3,"twigs:tangerine_seashell":1,"create:speedometer":2,"minecraft:cobblestone":2449,"biomesoplenty:lavender":21,"minecraft:cooked_beef":2,"ars_nouveau:archwood_button":2,"minecraft:andesite":68,"alexsmobs:bear_fur":1,"alexsmobs:bison_fur":5,"minecraft:flint":7,"create:raw_zinc":36,"ars_nouveau:scribes_table":4,"minecraft:lapis_lazuli":139,"minecraft:dirt":244,"minecraft:lantern":11,"securitycraft:reinforced_stone_button":24,"minecraft:bone":30,"minecraft:bow":1,"minecraft:wheat_seeds":53,"botania:pink_mystical_flower":3,"ars_nouveau:stripped_blue_archwood_log":1,"minecraft:raw_gold":8,"create:shaft":7,"minecraft:fletching_table":1,"twigs:twig":16,"minecraft:oak_planks":1,"cagedmobs:milk_drop":7,"botania:red_mystical_flower":2,"patchouli:guide_book":1,"create:cogwheel":20,"vinery:white_grape":140,"minecraft:sand":8,"minecraft:stripped_spruce_log":1,"mores:raw_cobalt":45,"minecraft:grass_block":2,"minecraft:cyan_bed":1,"minecraft:barrel":3,"alexsmobs:animal_dictionary":1,"minecraft:diamond":2,"waystones:waystone":1,"botania:orange_mushroom":1,"minecraft:granite":22,"minecraft:spruce_sign":1,"scalinghealth:cursed_heart":1,"twigs:rhyolite":9,"minecraft:oak_sapling":7,"mores:raw_silver":51,"minecraft:charcoal":4,"minecraft:crafting_table":15,"minecraft:ladder":2,"minecraft:chicken":1,"minecraft:nether_wart":31,"biomesoplenty:jacaranda_sapling":6,"ars_nouveau:archwood_slab":3,"minecraft:moss_carpet":3,"ars_nouveau:glyph_pull":2,"twigs:opaline_seashell":3,"minecraft:candle":1,"vinery:apple_tree_sapling":4,"minecraft:beef":51,"minecraft:poppy":4,"minecraft:spruce_slab":7,"minecraft:sugar_cane":48,"minecraft:chest":6,"minecraft:raw_copper_block":1,"minecraft:egg":1,"minecraft:raw_iron":134,"botania:purple_mushroom":1,"minecraft:note_block":8,"ars_nouveau:blue_archwood_log":60,"create:hand_crank":9,"minecraft:redstone":41,"minecraft:arrow":14,"minecraft:cooked_cod":1,"biomesoplenty:jacaranda_log":81,"vinery:white_grape_seeds":41,"botania:blue_mystical_flower":1,"minecraft:mutton":18,"minecraft:white_wool":14,"minecraft:oxeye_daisy":4,"create:iron_sheet":4,"minecraft:glow_ink_sac":1,"minecraft:salmon":2,"minecraft:leather":39,"biomesoplenty:jacaranda_door":9,"minecraft:oak_log":76,"create:andesite_alloy":2,"scalinghealth:bandages":1,"securitycraft:keypad_chest":2,"biomesoplenty:jacaranda_planks":2,"minecraft:gunpowder":7,"scalinghealth:heart_crystal":1,"minecraft:paper":8,"minecraft:kelp":252,"minecraft:apple":32,"minecraft:stone_bricks":2,"minecraft:iron_ingot":14,"minecraft:oak_fence_gate":2,"minecraft:stone_pickaxe":1,"scalinghealth:power_crystal_shard":2,"minecraft:soul_sand":8,"minecraft:book":27,"scalinghealth:heart_crystal_shard":40,"minecraft:smooth_basalt":1,"minecraft:chiseled_stone_bricks":1,"minecraft:dandelion":3,"ars_nouveau:novice_spell_book":2,"minecraft:gravel":22,"twigs:bronzed_seashell":1,"minecraft:white_bed":2,"minecraft:spruce_log":2,"minecraft:spider_eye":5,"biomesoplenty:flowering_oak_sapling":2,"minecraft:diamond_shovel":1,"create:encased_fan":4,"minecraft:stone_axe":1,"mores:anthracite":1,"botania:orange_mystical_flower":1,"minecraft:black_wool":2,"storagenetwork:kabel":1,"minecraft:coal":229},"minecraft:killed":{"minecraft:spider":9,"minecraft:skeleton":7,"minecraft:chicken":1,"minecraft:silverfish":2,"minecraft:pig":13,"alexsmobs:grizzly_bear":1,"minecraft:creeper":1,"minecraft:sheep":10,"minecraft:pillager":1,"minecraft:zombie":12,"alexsmobs:fly":1,"minecraft:cow":8,"alexsmobs:raccoon":1,"alexsmobs:bison":4,"ars_nouveau:drygmy":1,"minecraft:enderman":2},"minecraft:dropped":{"ars_nouveau:novice_spell_book":2,"hangglider:hang_glider":1,"alexsmobs:animal_dictionary":1,"minecraft:diamond_shovel":1,"patchouli:guide_book":1,"minecraft:beef":46,"create:andesite_alloy":2,"minecraft:iron_ingot":6,"minecraft:stripped_spruce_log":1,"minecraft:cobblestone":3,"minecraft:apple":5,"ars_nouveau:worn_notebook":1,"minecraft:kelp":256,"minecraft:stone_sword":2,"vinery:red_grape":3,"minecraft:wooden_pickaxe":1,"securitycraft:universal_block_reinforcer_lvl1":1},"minecraft:custom":{"minecraft:interact_with_crafting_table":147,"minecraft:open_barrel":15,"goblintraders:trade_with_goblin":93,"minecraft:leave_game":18,"minecraft:time_since_death":26406,"minecraft:sprint_one_cm":853988,"minecraft:drop":38,"minecraft:play_noteblock":6,"minecraft:play_time":588909,"minecraft:deaths":8,"minecraft:jump":8962,"minecraft:walk_on_water_one_cm":60867,"minecraft:interact_with_furnace":97,"minecraft:sleep_in_bed":21,"minecraft:waystone_activated":1,"minecraft:damage_dealt":15289,"minecraft:crouch_one_cm":84875,"minecraft:mob_kills":75,"minecraft:climb_one_cm":137741,"minecraft:walk_one_cm":1031403,"minecraft:sneak_time":45491,"minecraft:walk_under_water_one_cm":51300,"minecraft:total_world_time":588909,"minecraft:time_since_rest":26434,"minecraft:damage_taken":7569,"minecraft:swim_one_cm":48330,"minecraft:fly_one_cm":1313300,"minecraft:open_chest":445,"minecraft:fall_one_cm":246179},"minecraft:mined":{"create:deepslate_zinc_ore":10,"minecraft:white_bed":1,"minecraft:farmland":3,"botania:red_mystical_flower":2,"create:andesite_casing":6,"minecraft:granite":22,"botania:light_blue_mushroom":1,"minecraft:grass_block":101,"biomesoplenty:flowering_oak_leaves":10,"twigs:twig":7,"minecraft:oxeye_daisy":1,"minecraft:nether_wart":7,"mysticalagriculture:inferium_ore":60,"minecraft:chiseled_stone_bricks":1,"minecraft:tall_seagrass":1,"biomesoplenty:tall_lavender":8,"mores:deepslate_tourmaline_ore":4,"create:speedometer":2,"minecraft:fire":5,"minecraft:iron_ore":111,"minecraft:barrel":4,"biomesoplenty:lavender":16,"minecraft:moss_carpet":1,"minecraft:fletching_table":1,"minecraft:deepslate_lapis_ore":2,"biomesoplenty:hanging_cobweb":7,"minecraft:spruce_slab":7,"biomesoplenty:jacaranda_leaves":18,"minecraft:deepslate_redstone_ore":2,"create:cogwheel":20,"botania:orange_mystical_flower":1,"minecraft:kelp_plant":34,"biomesoplenty:hanging_cobweb_strand":1,"minecraft:note_block":4,"minecraft:torch":36,"mysticalagriculture:inferium_crop":22,"vinery:red_grape_bush":11,"minecraft:poppy":2,"minecraft:chest":6,"create:scoria":2,"mores:tourmaline_ore":1,"mores:anthracite_ore":1,"mahoutsukai:mahoujin":3,"minecraft:cobblestone":65,"botania:blue_mystical_flower":1,"minecraft:sugar_cane":8,"minecraft:cyan_bed":1,"minecraft:oak_planks":1,"ars_nouveau:scribes_table":4,"minecraft:wall_torch":17,"vinery:white_grape_bush":19,"minecraft:deepslate_copper_ore":1,"minecraft:seagrass":2,"minecraft:grass":212,"biomesoplenty:clover":12,"minecraft:oak_log":75,"minecraft:oak_fence_gate":1,"create:hand_crank":4,"minecraft:sand":8,"mores:silver_ore":54,"minecraft:dirt":68,"villagersplus:alchemist_table":3,"mysticalagriculture:deepslate_prosperity_ore":2,"minecraft:smooth_basalt":1,"twigs:rhyolite":9,"vinery:apple_leaves":20,"villagersplus:occultist_table":2,"minecraft:raw_copper_block":1,"minecraft:oak_leaves":15,"mysticalagriculture:deepslate_inferium_ore":8,"minecraft:deepslate":6,"ars_nouveau:stripped_blue_archwood_log":1,"create:zinc_ore":26,"mysticalagriculture:prosperity_ore":31,"minecraft:deepslate_diamond_ore":2,"minecraft:ladder":2,"biomesoplenty:bush":1,"create:large_cogwheel":1,"minecraft:white_stained_glass":2,"botania:orange_mushroom":1,"create:encased_fan":6,"minecraft:kelp":8,"minecraft:moss_block":1,"biomesoplenty:dune_grass":2,"botania:purple_mushroom":1,"biomesoplenty:jacaranda_log":82,"minecraft:redstone_ore":7,"create:shaft":8,"minecraft:furnace":4,"minecraft:andesite":67,"minecraft:stripped_spruce_log":1,"twigs:bronzed_seashell":1,"mores:deepslate_cobalt_ore":10,"biomesoplenty:sea_oats":21,"minecraft:bookshelf":9,"minecraft:deepslate_iron_ore":10,"minecraft:vine":2,"minecraft:lantern":7,"biomesoplenty:jacaranda_door":9,"minecraft:stone":2297,"twigs:opaline_seashell":2,"minecraft:smithing_table":1,"twigs:pebble":3,"mores:cobalt_ore":35,"minecraft:soul_sand":4,"minecraft:infested_stone_bricks":1,"minecraft:dandelion":2,"minecraft:crafting_table":15,"minecraft:rose_bush":3,"minecraft:campfire":2,"minecraft:copper_ore":54,"minecraft:tall_grass":33,"minecraft:deepslate_gold_ore":1,"biomesoplenty:sprout":15,"minecraft:lapis_ore":18,"minecraft:diorite":480,"ars_nouveau:blue_archwood_leaves":4,"mores:tin_ore":48,"supplementaries:urn":11,"botania:pink_mystical_flower":3,"ars_nouveau:blue_archwood_log":32,"twigs:tangerine_seashell":1,"minecraft:spruce_log":2,"minecraft:black_wool":2,"botania:white_mystical_flower":2,"minecraft:coal_ore":199,"minecraft:gravel":27,"biomesoplenty:stringy_cobweb":1,"minecraft:cobweb":9,"minecraft:stone_bricks":3,"storagenetwork:kabel":1,"minecraft:gold_ore":2,"biomesoplenty:redwood_wood":3,"minecraft:fern":9},"minecraft:crafted":{"minecraft:oak_planks":304,"ars_nouveau:archwood_planks":52,"hangglider:hang_glider":1,"minecraft:chain":2,"minecraft:stone":32,"minecraft:lever":1,"securitycraft:keypad_item":3,"minecraft:heavy_weighted_pressure_plate":3,"patchouli:guide_book":1,"minecraft:iron_bars":16,"minecraft:glass":8,"minecraft:hopper":1,"create:andesite_funnel":2,"sophisticatedbackpacks:copper_backpack":1,"create:mechanical_press":1,"cagedmobs:hopping_mob_cage":1,"mores:tin_ingot":43,"ars_nouveau:archwood_button":2,"cagedmobs:dna_sampler":1,"minecraft:chest":18,"minecraft:stone_hoe":1,"create:cogwheel":20,"minecraft:oak_fence":18,"minecraft:dropper":1,"storagenetwork:kabel":8,"sophisticatedbackpacks:backpack":1,"biomesoplenty:jacaranda_planks":144,"minecraft:cooked_porkchop":23,"minecraft:crafting_table":9,"minecraft:spruce_planks":8,"minecraft:wooden_pickaxe":2,"minecraft:copper_ingot":161,"create:gearshift":1,"create:gearbox":2,"create:encased_fan":1,"create:water_wheel":1,"minecraft:stone_slab":12,"minecraft:stick":404,"minecraft:compass":1,"minecraft:iron_pickaxe":5,"shieldexp:wooden_shield":1,"minecraft:iron_ingot":161,"minecraft:iron_block":5,"minecraft:stone_sword":3,"minecraft:gold_ingot":11,"create:large_cogwheel":2,"create:propeller":1,"ars_nouveau:scribes_table":1,"minecraft:shears":1,"hangglider:glider_framework":1,"minecraft:stone_shovel":1,"mores:tin_pickaxe":1,"minecraft:fishing_rod":1,"vanillaplustools:stone_hammer":2,"minecraft:iron_nugget":90,"comforts:sleeping_bag_white":1,"minecraft:furnace":4,"minecraft:stone_button":24,"minecraft:bone_meal":3,"hangglider:glider_wing":2,"ars_nouveau:archwood_slab":6,"minecraft:flint_and_steel":1,"ars_nouveau:novice_spell_book":1,"minecraft:leather":5,"minecraft:iron_axe":2,"securitycraft:universal_block_remover":1,"minecraft:ladder":108,"minecraft:stone_pickaxe":24,"biomesoplenty:jacaranda_door":3,"create:belt_connector":22,"sophisticatedbackpacks:iron_backpack":1,"minecraft:cooked_beef":5,"minecraft:cooked_cod":4,"mysticalagriculture:inferium_seeds":8,"create:andesite_alloy":29,"create:hand_crank":1,"biomesoplenty:jacaranda_boat":1,"biomesoplenty:redwood_planks":12,"minecraft:iron_sword":1,"cagedmobs:mob_cage":1,"minecraft:bucket":1,"minecraft:stone_axe":2,"minecraft:white_stained_glass":8,"minecraft:air":0,"create:speedometer":1,"minecraft:gold_nugget":9,"minecraft:white_dye":1,"storagenetwork:inventory":1,"minecraft:iron_shovel":1,"create:shaft":64,"minecraft:torch":56}},"DataVersion":3465}