{"stats":{"minecraft:dropped":{"minecraft:oak_planks":1,"ars_nouveau:worn_notebook":2,"minecraft:allium":14,"minecraft:lilac":13,"patchouli:guide_book":1,"biomesoplenty:lavender":7,"artifacts:eternal_steak":2},"minecraft:used":{"securitycraft:reinforced_lectern":1,"minecraft:bedrock":34,"minecraft:grass_block":6,"advancednetherite:netherite_diamond_axe":2,"minecraft:oak_planks":3,"minecraft:spruce_planks":6,"mores:onyx_battleaxe":1,"securitycraft:reinforced_oak_slab":1},"minecraft:custom":{"minecraft:time_since_rest":56253,"minecraft:open_chest":1,"minecraft:crouch_one_cm":16459,"minecraft:walk_one_cm":46439,"minecraft:play_time":56253,"minecraft:sprint_one_cm":27038,"minecraft:sneak_time":6646,"minecraft:mob_kills":2,"minecraft:drop":9,"minecraft:jump":447,"minecraft:damage_dealt":510,"minecraft:leave_game":1,"minecraft:time_since_death":56253,"minecraft:total_world_time":56253,"minecraft:fly_one_cm":82760},"minecraft:picked_up":{"biomesoplenty:lavender":14,"minecraft:lilac":26,"minecraft:allium":29,"minecraft:lime_dye":2,"patchouli:guide_book":1,"minecraft:wheat_seeds":3,"mysticalagriculture:inferium_essence":1,"ars_nouveau:worn_notebook":2,"minecraft:spruce_planks":2,"supplementaries:ash":1,"minecraft:oak_planks":1},"minecraft:killed":{"ars_nouveau:whirlisprig":1}},"DataVersion":3465}