{"stats":{"minecraft:dropped":{"minecraft:oak_planks":1,"ars_nouveau:worn_notebook":2,"minecraft:allium":14,"minecraft:lilac":13,"patchouli:guide_book":1,"biomesoplenty:lavender":7,"artifacts:eternal_steak":1},"minecraft:used":{"advancednetherite:netherite_diamond_axe":2,"minecraft:oak_planks":3,"mores:onyx_battleaxe":1},"minecraft:custom":{"minecraft:time_since_rest":28273,"minecraft:open_chest":1,"minecraft:crouch_one_cm":11749,"minecraft:walk_one_cm":21425,"minecraft:play_time":28273,"minecraft:sprint_one_cm":24881,"minecraft:sneak_time":4719,"minecraft:mob_kills":1,"minecraft:drop":8,"minecraft:jump":343,"minecraft:damage_dealt":405,"minecraft:time_since_death":28273,"minecraft:total_world_time":28273,"minecraft:fly_one_cm":71549},"minecraft:picked_up":{"biomesoplenty:lavender":7,"minecraft:lilac":13,"minecraft:allium":15,"minecraft:lime_dye":2,"patchouli:guide_book":1,"ars_nouveau:worn_notebook":2,"minecraft:oak_planks":1},"minecraft:killed":{"ars_nouveau:whirlisprig":1}},"DataVersion":3465}