{"stats":{"minecraft:crafted":{"botania:green_petal":2,"minecraft:chain":2,"minecraft:lever":4,"securitycraft:keypad_item":3,"patchouli:guide_book":1,"minecraft:iron_bars":16,"craftable_elytra_remastered:elytra_side":2,"minecraft:glass":56,"create:andesite_funnel":2,"sophisticatedbackpacks:copper_backpack":1,"create:mechanical_press":1,"mores:tin_ingot":43,"cagedmobs:dna_sampler":1,"biomesoplenty:jacaranda_trapdoor":2,"biomesoplenty:jacaranda_sign":3,"create:cogwheel":28,"storagenetwork:kabel":32,"minecraft:emerald":48,"minecraft:cooked_porkchop":23,"minecraft:copper_ingot":161,"create:gearbox":3,"mores:stone_dagger":1,"create:encased_fan":1,"minecraft:stone_slab":24,"minecraft:iron_pickaxe":12,"minecraft:compass":1,"minecraft:iron_block":5,"minecraft:gold_ingot":22,"create:large_cogwheel":2,"create:propeller":1,"mysticalagriculture:infusion_crystal":1,"minecraft:elytra":1,"hangglider:glider_framework":1,"minecraft:stone_shovel":1,"vanillaplustools:stone_hammer":3,"minecraft:iron_nugget":90,"comforts:sleeping_bag_white":1,"minecraft:bone_meal":3,"hangglider:glider_wing":2,"ars_nouveau:novice_spell_book":1,"minecraft:ladder":108,"securitycraft:universal_block_remover":1,"minecraft:stone_pickaxe":30,"biomesoplenty:jacaranda_door":3,"create:belt_connector":22,"mysticalagriculture:inferium_seeds":20,"biomesoplenty:jacaranda_boat":3,"biomesoplenty:redwood_planks":12,"create:dough":3,"mores:steel_pickaxe":1,"minecraft:white_stained_glass":8,"create:speedometer":1,"storagenetwork:inventory":1,"minecraft:iron_shovel":1,"storagenetwork:request":1,"create:shaft":64,"storagenetwork:import_kabel":4,"storagenetwork:storage_kabel":12,"minecraft:oak_planks":304,"ars_nouveau:archwood_planks":76,"hangglider:hang_glider":1,"storagenetwork:inventory_remote":1,"minecraft:stone":38,"minecraft:heavy_weighted_pressure_plate":3,"minecraft:green_dye":2,"mysticalagriculture:prosperity_seed_base":3,"minecraft:hopper":4,"cagedmobs:hopping_mob_cage":1,"ars_nouveau:archwood_button":2,"minecraft:chest":30,"mysticalagriculture:tertium_essence":4,"minecraft:stone_hoe":1,"minecraft:oak_fence":18,"minecraft:dropper":1,"sophisticatedbackpacks:backpack":1,"biomesoplenty:jacaranda_planks":300,"vinery:grapevine_stem":4,"minecraft:crafting_table":13,"minecraft:spruce_planks":12,"minecraft:wooden_pickaxe":2,"minecraft:red_wool":9,"storagenetwork:master":2,"create:gearshift":2,"minecraft:iron_chestplate":1,"minecraft:paper":12,"create:water_wheel":2,"minecraft:shield":1,"minecraft:stick":428,"minecraft:iron_ingot":170,"shieldexp:wooden_shield":1,"minecraft:stone_sword":3,"ars_nouveau:scribes_table":1,"minecraft:shears":2,"mores:tin_pickaxe":1,"minecraft:tripwire_hook":2,"minecraft:fishing_rod":1,"mysticalagriculture:infusion_pedestal":8,"minecraft:stone_button":24,"minecraft:furnace":4,"minecraft:piston":8,"ars_nouveau:archwood_slab":6,"minecraft:flint_and_steel":1,"minecraft:leather":5,"minecraft:iron_axe":4,"create:millstone":2,"minecraft:lime_dye":4,"minecraft:observer":15,"sophisticatedbackpacks:iron_backpack":1,"minecraft:cooked_beef":116,"minecraft:red_dye":13,"mysticalagriculture:prudentium_essence":16,"minecraft:cooked_cod":4,"create:andesite_alloy":29,"create:hand_crank":1,"minecraft:iron_sword":2,"cagedmobs:mob_cage":1,"minecraft:bucket":2,"minecraft:stone_axe":2,"minecraft:air":0,"minecraft:gold_nugget":9,"minecraft:white_dye":3,"mysticalagriculture:infusion_altar":1,"minecraft:acacia_planks":12,"minecraft:torch":68,"minecraft:firework_rocket":15},"minecraft:killed":{"minecraft:skeleton":12,"minecraft:chicken":7,"minecraft:pillager":1,"minecraft:zombie":19,"minecraft:cow":10,"alexsmobs:raccoon":1,"ars_nouveau:drygmy":1,"minecraft:enderman":6,"minecraft:spider":13,"minecraft:silverfish":2,"minecraft:pig":15,"alexsmobs:grizzly_bear":1,"minecraft:creeper":2,"minecraft:sheep":12,"alexsmobs:fly":2,"alexsmobs:dropbear":3,"alexsmobs:bison":4},"minecraft:used":{"minecraft:spruce_slab":1,"minecraft:ladder":84,"minecraft:chest":45,"securitycraft:keypad_item":3,"biomesoplenty:redwood_fence":21,"minecraft:lava_bucket":10,"minecraft:grass_block":18,"create:andesite_funnel":1,"create:shaft":47,"minecraft:furnace":10,"minecraft:cooked_cod":3,"storagenetwork:storage_kabel":20,"vinery:white_grape_seeds":25,"minecraft:diorite":7,"minecraft:wooden_pickaxe":20,"minecraft:sand":21,"securitycraft:universal_block_remover":9,"biomesoplenty:jacaranda_planks":19,"minecraft:lectern":1,"biomesoplenty:jacaranda_boat":5,"minecraft:wooden_sword":1,"goblintraders:goblin_trader_spawn_egg":1,"biomesoplenty:jacaranda_sign":2,"minecraft:stone_sword":475,"storagenetwork:request":1,"vanillaplustools:stone_hammer":297,"ars_nouveau:archwood_slab":1,"minecraft:netherrack":69,"minecraft:torch":200,"storagenetwork:inventory_remote":1,"villagersplus:oceanographer_table":2,"mores:steel_helmet":1,"mysticalagriculture:infusion_pedestal":8,"create:gearbox":12,"minecraft:iron_axe":471,"storagenetwork:master":3,"biomesoplenty:jacaranda_log":4,"minecraft:tripwire_hook":2,"minecraft:cobbled_deepslate":10,"minecraft:acacia_planks":12,"minecraft:observer":12,"create:belt_connector":12,"vinery:red_grape":57,"minecraft:water_bucket":51,"storagenetwork:inventory":4,"cagedmobs:dna_sampler":1,"create:encased_fan":7,"minecraft:crafting_table":20,"ars_nouveau:blue_archwood_log":8,"minecraft:white_bed":2,"minecraft:cod":3,"minecraft:dark_prismarine":4,"minecraft:diamond_shovel":33,"minecraft:iron_pickaxe":2369,"mysticalagriculture:iron_seeds":3,"create:water_wheel":2,"minecraft:cobblestone":752,"minecraft:cooked_porkchop":39,"minecraft:porkchop":5,"minecraft:iron_shovel":72,"mores:tin_pickaxe":107,"minecraft:iron_sword":99,"mysticalagriculture:infusion_altar":1,"vinery:white_grape":17,"minecraft:iron_chestplate":1,"create:cogwheel":76,"create:speedometer":3,"mysticalagriculture:inferium_seeds":92,"minecraft:obsidian":10,"minecraft:glass":48,"mysticalagriculture:inferium_essence":50,"minecraft:iron_helmet":1,"create:millstone":3,"minecraft:stone_bricks":2,"minecraft:bedrock":1,"ars_nouveau:archwood_button":1,"mores:steel_pickaxe":60,"minecraft:stone_pickaxe":621,"minecraft:oak_planks":43,"minecraft:sugar_cane":35,"ars_nouveau:archwood_planks":1,"minecraft:shears":3,"waystones:waystone":1,"minecraft:lever":5,"minecraft:firework_rocket":20,"minecraft:string":6,"minecraft:gravel":9,"create:white_seat":5,"storagenetwork:import_kabel":7,"minecraft:andesite":4,"create:large_cogwheel":15,"minecraft:experience_bottle":1,"minecraft:oak_fence":12,"sophisticatedbackpacks:iron_backpack":2,"minecraft:flint_and_steel":16,"securitycraft:keypad_chest":4,"minecraft:stone_shovel":41,"minecraft:redstone":8,"storagenetwork:kabel":9,"minecraft:spruce_planks":113,"minecraft:wooden_shovel":19,"minecraft:stone_hoe":78,"minecraft:dirt":153,"minecraft:hopper":2,"minecraft:granite":1,"minecraft:wooden_axe":26,"shieldexp:wooden_shield":5,"vinery:grapevine_stem":3,"minecraft:cooked_beef":60,"create:gearshift":3,"biomesoplenty:jacaranda_door":10,"ars_nouveau:stripped_blue_archwood_log":1,"minecraft:piston":9,"biomesoplenty:jacaranda_trapdoor":2,"minecraft:black_wool":1,"minecraft:apple":2,"create:mechanical_press":1,"minecraft:stone_axe":264,"cagedmobs:hopping_mob_cage":1,"twigs:bronzed_seashell":1,"minecraft:bucket":64,"minecraft:yellow_bed":3,"create:hand_crank":11,"vinery:red_grape_seeds":21,"ars_nouveau:scribes_table":5},"minecraft:broken":{"mores:tin_boots":1,"minecraft:stone_sword":2,"vanillaplustools:stone_hammer":2,"minecraft:iron_axe":2,"minecraft:iron_pickaxe":9,"minecraft:stone_pickaxe":3,"minecraft:stone_axe":1,"blue_skies:horizonite_helmet":1,"mores:tin_pickaxe":1},"minecraft:dropped":{"ars_nouveau:novice_spell_book":2,"minecraft:emerald":1,"minecraft:dirt":6,"alexsmobs:animal_dictionary":1,"minecraft:wheat":8,"minecraft:rotten_flesh":3,"minecraft:oak_planks":2,"mysticalagriculture:inferium_essence":1,"minecraft:beef":225,"minecraft:iron_ingot":7,"minecraft:wheat_seeds":2,"biomesoplenty:lavender":1,"minecraft:cobblestone":6,"minecraft:apple":11,"minecraft:rose_bush":2,"minecraft:acacia_planks":3,"minecraft:stone_sword":2,"minecraft:chicken":6,"minecraft:stone":2,"minecraft:spruce_planks":8,"vinery:red_grape":40,"storagenetwork:inventory_remote":2,"minecraft:jungle_planks":3,"vinery:red_grape_seeds":8,"hangglider:hang_glider":1,"minecraft:diamond_shovel":1,"patchouli:guide_book":1,"supplementaries:ash":9,"minecraft:oak_wood":14,"create:andesite_alloy":2,"minecraft:stripped_spruce_log":1,"ars_nouveau:worn_notebook":1,"minecraft:kelp":256,"minecraft:stripped_acacia_wood":1,"minecraft:oak_sapling":8,"minecraft:wooden_pickaxe":1,"securitycraft:universal_block_reinforcer_lvl1":1},"minecraft:picked_up":{"minecraft:wooden_axe":1,"minecraft:seagrass":4,"vinery:red_grape":218,"storagenetwork:inventory_remote":2,"minecraft:suspicious_stew":1,"minecraft:smithing_table":3,"minecraft:stone_slab":6,"vinery:red_grape_seeds":48,"minecraft:enchanted_book":1,"botania:light_blue_mushroom":2,"minecraft:string":33,"shieldexp:wooden_shield":1,"biomesoplenty:tall_lavender":9,"mysticalagriculture:inferium_essence":450,"minecraft:gold_nugget":179,"minecraft:cobbled_deepslate":116,"minecraft:spruce_planks":8,"hangglider:hang_glider":1,"biomesoplenty:redwood_wood":3,"minecraft:coal_block":10,"minecraft:beehive":2,"mysticalagriculture:prosperity_shard":177,"create:andesite_casing":9,"mysticalagriculture:inferium_seeds":72,"mores:raw_tin":280,"botania:white_mystical_flower":4,"minecraft:stone_sword":3,"biomesoplenty:rose_quartz_chunk":14,"minecraft:tropical_fish":5,"create:scoria":2,"villagersplus:occultist_table":5,"ars_nouveau:worn_notebook":2,"minecraft:iron_block":1,"farmersdelight:rope":16,"mores:silver_nugget":9,"supplementaries:ash":33,"ars_nouveau:glyph_touch":2,"villagersplus:alchemist_table":4,"minecraft:iron_bars":14,"biomesoplenty:lavender":29,"minecraft:magma_block":17,"minecraft:feather":8,"minecraft:cooked_beef":2,"minecraft:copper_block":1,"alexsmobs:bison_fur":8,"minecraft:flint":9,"ars_nouveau:scribes_table":4,"mores:steel_ingot":7,"minecraft:lantern":16,"blue_skies:horizonite_boots":2,"securitycraft:reinforced_stone_button":24,"create:shaft":26,"mysticalagriculture:soulium_dust":33,"minecraft:glowstone_dust":5,"minecraft:moss_block":1,"mores:turquoise_gem":27,"cagedmobs:milk_drop":8,"create:gearshift":1,"botania:red_mystical_flower":2,"patchouli:guide_book":3,"minecraft:stripped_acacia_wood":1,"minecraft:stripped_spruce_log":1,"minecraft:barrel":3,"alexsmobs:animal_dictionary":2,"minecraft:lever":2,"botania:orange_mushroom":1,"minecraft:granite":37,"minecraft:bread":7,"mores:raw_silver":101,"twigs:rhyolite":11,"minecraft:crafting_table":18,"minecraft:nether_wart":71,"biomesoplenty:jacaranda_sapling":6,"minecraft:fire_coral":2,"ars_nouveau:archwood_slab":3,"minecraft:elytra":1,"create:scorchia":2,"ars_nouveau:glyph_pull":2,"twigs:opaline_seashell":4,"minecraft:beef":115,"minecraft:iron_nugget":5,"minecraft:poppy":6,"minecraft:spruce_slab":14,"minecraft:chest":15,"minecraft:piston":1,"minecraft:raw_copper_block":1,"minecraft:egg":1,"minecraft:stone":54,"botania:purple_mushroom":1,"farmersdelight:tomato_seeds":4,"minecraft:redstone":109,"blue_skies:horizonite_chestplate":2,"storagenetwork:inventory":4,"blue_skies:horizonite_helmet":1,"minecraft:stone_shovel":1,"minecraft:cooked_cod":1,"biomesoplenty:jacaranda_log":118,"minecraft:beetroot_seeds":2,"minecraft:hay_block":7,"botania:blue_mystical_flower":2,"minecraft:gold_ingot":6,"botania:green_mystical_flower":6,"minecraft:mutton":37,"minecraft:white_wool":18,"minecraft:oxeye_daisy":7,"create:iron_sheet":4,"minecraft:tripwire_hook":2,"minecraft:acacia_wood":3,"minecraft:oak_log":76,"scalinghealth:bandages":1,"botania:red_mushroom":1,"storagenetwork:import_kabel":6,"minecraft:paper":8,"minecraft:apple":51,"minecraft:stone_bricks":3,"minecraft:kelp":465,"minecraft:oak_fence_gate":2,"minecraft:stone_pickaxe":3,"scalinghealth:power_crystal_shard":4,"minecraft:iron_sword":1,"blue_skies:horizonite_leggings":2,"minecraft:smooth_basalt":1,"mysticalagriculture:iron_essence":1,"minecraft:gravel":23,"twigs:bronzed_seashell":1,"botania:lime_mushroom":1,"minecraft:spruce_log":3,"create:gearbox":8,"villagersplus:oceanographer_table":3,"biomesoplenty:flowering_oak_sapling":4,"mores:tin_ingot":12,"minecraft:oak_wood":14,"create:millstone":2,"minecraft:firework_rocket":15,"minecraft:diamond_shovel":2,"mores:sapphire_gem":7,"minecraft:stone_axe":4,"storagenetwork:master":2,"mores:anthracite":16,"botania:orange_mystical_flower":2,"minecraft:ender_pearl":2,"storagenetwork:storage_kabel":11,"minecraft:wheat":79,"mysticalagriculture:iron_seeds":3,"ars_nouveau:glyph_craft":1,"minecraft:raw_copper":247,"mores:tourmaline_gem":10,"minecraft:armor_stand":2,"minecraft:experience_bottle":1,"alexsmobs:dropbear_claw":1,"create:mechanical_press":1,"twigs:pebble":15,"minecraft:rose_bush":12,"minecraft:wooden_shovel":1,"alexsmobs:raccoon_tail":2,"minecraft:iron_boots":1,"minecraft:furnace":8,"minecraft:stick":19,"minecraft:torch":162,"minecraft:porkchop":33,"minecraft:dried_kelp":128,"minecraft:diorite":505,"mores:tin_boots":1,"create:large_cogwheel":13,"minecraft:rotten_flesh":32,"supplementaries:antique_ink":6,"minecraft:obsidian":18,"twigs:tangerine_seashell":2,"create:speedometer":3,"minecraft:cobblestone":2936,"ars_nouveau:archwood_button":2,"minecraft:andesite":101,"alexsmobs:bear_fur":2,"create:belt_connector":20,"minecraft:tuff":13,"create:raw_zinc":88,"minecraft:horn_coral":1,"minecraft:lapis_lazuli":223,"minecraft:dirt":376,"minecraft:bone":36,"minecraft:acacia_planks":3,"minecraft:bow":1,"minecraft:wheat_seeds":190,"botania:pink_mystical_flower":4,"ars_nouveau:stripped_blue_archwood_log":1,"minecraft:raw_gold":9,"minecraft:bell":1,"minecraft:fletching_table":1,"minecraft:bamboo":4,"twigs:twig":18,"minecraft:stone_hoe":1,"minecraft:oak_planks":5,"biomesoplenty:jacaranda_boat":4,"create:cogwheel":33,"minecraft:poisonous_potato":10,"mores:tanzanite_gem":4,"vinery:white_grape":263,"minecraft:jungle_planks":3,"minecraft:sand":86,"mores:raw_cobalt":94,"minecraft:grass_block":4,"minecraft:cyan_bed":1,"minecraft:dark_prismarine":4,"minecraft:yellow_carpet":4,"minecraft:diamond":6,"minecraft:soul_lantern":1,"waystones:waystone":1,"minecraft:spruce_sign":1,"scalinghealth:cursed_heart":2,"minecraft:emerald":50,"minecraft:oak_sapling":11,"minecraft:netherrack":484,"cagedmobs:dna_sampler":1,"minecraft:charcoal":8,"mysticalagriculture:soulstone_cobble":46,"minecraft:chicken":8,"minecraft:ladder":27,"minecraft:wooden_pickaxe":1,"minecraft:chain":1,"ars_nouveau:archwood_planks":1,"minecraft:moss_carpet":6,"minecraft:wooden_sword":1,"minecraft:item_frame":2,"minecraft:birch_fence":2,"minecraft:candle":5,"vinery:apple_tree_sapling":4,"minecraft:observer":4,"minecraft:sugar_cane":135,"minecraft:raw_iron":134,"minecraft:copper_ingot":135,"botania:green_mushroom":1,"minecraft:note_block":8,"ars_nouveau:blue_archwood_log":60,"create:hand_crank":10,"biomesoplenty:jacaranda_trapdoor":2,"minecraft:arrow":28,"botania:lime_mystical_flower":1,"vinery:white_grape_seeds":43,"minecraft:skeleton_skull":2,"farmersdelight:rich_soil":3,"minecraft:glow_ink_sac":2,"minecraft:salmon":8,"minecraft:leather":54,"biomesoplenty:jacaranda_door":9,"create:andesite_alloy":3,"minecraft:yellow_bed":7,"securitycraft:keypad_chest":9,"biomesoplenty:jacaranda_planks":5,"minecraft:gunpowder":9,"scalinghealth:heart_crystal":4,"minecraft:iron_ingot":60,"securitycraft:universal_block_reinforcer_lvl1":1,"minecraft:stripped_oak_wood":2,"minecraft:soul_sand":14,"minecraft:book":91,"minecraft:tropical_fish_bucket":2,"minecraft:scaffolding":10,"scalinghealth:heart_crystal_shard":92,"minecraft:chiseled_stone_bricks":2,"minecraft:quartz":53,"minecraft:dandelion":5,"ars_nouveau:novice_spell_book":2,"minecraft:amethyst_shard":1,"mores:moissanite_gem":8,"minecraft:white_bed":3,"minecraft:spider_eye":7,"create:encased_fan":4,"minecraft:black_wool":3,"storagenetwork:kabel":9,"minecraft:coal":335},"minecraft:killed_by":{"minecraft:zombie":1,"alexsmobs:grizzly_bear":1,"minecraft:enderman":2,"minecraft:skeleton":1},"minecraft:mined":{"minecraft:white_bed":2,"botania:red_mystical_flower":2,"create:andesite_casing":10,"minecraft:obsidian":14,"minecraft:granite":35,"botania:light_blue_mushroom":1,"minecraft:yellow_carpet":4,"minecraft:coal_block":5,"minecraft:oxeye_daisy":1,"create:belt":2,"minecraft:nether_wart":13,"mysticalagriculture:inferium_ore":68,"minecraft:chiseled_stone_bricks":1,"minecraft:tall_seagrass":2,"minecraft:magma_block":17,"biomesoplenty:tall_lavender":10,"mores:deepslate_tourmaline_ore":4,"mores:nether_tanzanite_ore":4,"minecraft:cobbled_deepslate":1,"create:speedometer":3,"minecraft:barrel":4,"minecraft:fire":11,"biomesoplenty:lavender":23,"minecraft:moss_carpet":1,"minecraft:deepslate_lapis_ore":2,"minecraft:fletching_table":1,"create:gearshift":1,"biomesoplenty:jacaranda_trapdoor":2,"minecraft:iron_block":1,"create:mechanical_press":1,"minecraft:tripwire":4,"botania:green_mystical_flower":6,"biomesoplenty:jacaranda_leaves":19,"create:cogwheel":33,"minecraft:kelp_plant":66,"biomesoplenty:jacaranda_planks":4,"minecraft:note_block":4,"minecraft:torch":48,"vinery:red_grape_bush":13,"create:scoria":2,"mores:tourmaline_ore":1,"minecraft:glass":2,"mahoutsukai:mahoujin":3,"minecraft:cyan_bed":1,"minecraft:sugar_cane":77,"minecraft:skeleton_skull":2,"mysticalagriculture:soulium_ore":16,"minecraft:wheat":53,"biomesoplenty:large_rose_quartz_bud":6,"minecraft:grass":314,"minecraft:oak_fence_gate":1,"create:hand_crank":4,"mores:silver_ore":54,"minecraft:smooth_basalt":1,"twigs:rhyolite":9,"minecraft:piston":1,"mysticalagriculture:deepslate_inferium_ore":8,"minecraft:deepslate":91,"villagersplus:oceanographer_table":3,"ars_nouveau:stripped_blue_archwood_log":1,"create:zinc_ore":39,"mysticalagriculture:iron_crop":2,"minecraft:dark_prismarine":5,"mysticalagriculture:soulstone":46,"create:millstone":2,"mores:nether_moissanite_ore":2,"botania:red_mushroom":1,"minecraft:jungle_planks":1,"create:encased_fan":6,"storagenetwork:master":2,"minecraft:moss_block":2,"minecraft:kelp":8,"biomesoplenty:dune_grass":2,"biomesoplenty:jacaranda_log":117,"minecraft:redstone_ore":7,"create:shaft":26,"minecraft:acacia_wood":3,"minecraft:andesite":99,"twigs:bronzed_seashell":1,"mores:deepslate_cobalt_ore":10,"minecraft:vine":2,"biomesoplenty:jacaranda_door":9,"biomesoplenty:rose_quartz_cluster":6,"twigs:opaline_seashell":2,"minecraft:smithing_table":3,"twigs:pebble":3,"botania:lime_mystical_flower":1,"minecraft:soul_sand":10,"botania:lime_mushroom":1,"minecraft:observer":4,"minecraft:dandelion":2,"biomesoplenty:small_rose_quartz_bud":1,"minecraft:emerald_ore":2,"storagenetwork:storage_kabel":11,"minecraft:campfire":2,"minecraft:tall_grass":44,"minecraft:copper_ore":54,"minecraft:deepslate_gold_ore":2,"minecraft:diorite":489,"mores:tin_ore":49,"create:gearbox":11,"twigs:tangerine_seashell":1,"minecraft:spruce_log":3,"botania:white_mystical_flower":2,"minecraft:gravel":27,"biomesoplenty:stringy_cobweb":1,"minecraft:cobweb":9,"minecraft:acacia_planks":3,"minecraft:stone_bricks":3,"minecraft:gold_ore":2,"minecraft:fern":15,"create:deepslate_zinc_ore":10,"minecraft:spruce_planks":4,"farmersdelight:rich_soil":3,"minecraft:farmland":3,"mores:nether_anthracite_ore":14,"minecraft:grass_block":114,"biomesoplenty:flowering_oak_leaves":10,"twigs:twig":7,"mysticalagriculture:inferium_farmland":1,"minecraft:frosted_ice":3,"minecraft:glowstone":2,"minecraft:iron_ore":111,"biomesoplenty:hanging_cobweb":7,"botania:green_mushroom":1,"minecraft:spruce_slab":7,"mores:deepslate_moissanite_ore":6,"biomesoplenty:medium_rose_quartz_bud":1,"minecraft:deepslate_redstone_ore":4,"botania:orange_mystical_flower":1,"storagenetwork:inventory":4,"minecraft:soul_lantern":1,"biomesoplenty:hanging_cobweb_strand":1,"mysticalagriculture:inferium_crop":62,"minecraft:poppy":2,"minecraft:chest":15,"mores:anthracite_ore":1,"minecraft:nether_quartz_ore":52,"minecraft:cobblestone":230,"botania:blue_mystical_flower":1,"minecraft:oak_planks":5,"mores:nether_sapphire_ore":3,"ars_nouveau:scribes_table":4,"mores:deepslate_turquoise_ore":27,"minecraft:wall_torch":37,"vinery:white_grape_bush":19,"minecraft:deepslate_copper_ore":1,"minecraft:seagrass":2,"storagenetwork:import_kabel":6,"ars_nouveau:archwood_planks":1,"minecraft:stripped_oak_wood":2,"biomesoplenty:clover":17,"minecraft:oak_log":75,"minecraft:sand":86,"minecraft:dirt":105,"villagersplus:alchemist_table":3,"mysticalagriculture:deepslate_prosperity_ore":5,"minecraft:tripwire_hook":2,"villagersplus:occultist_table":3,"vinery:apple_leaves":20,"minecraft:raw_copper_block":1,"minecraft:netherrack":490,"minecraft:oak_leaves":15,"minecraft:nether_gold_ore":46,"mysticalagriculture:prosperity_ore":31,"minecraft:tuff":11,"minecraft:deepslate_diamond_ore":2,"minecraft:candle":2,"minecraft:ladder":2,"minecraft:lever":1,"biomesoplenty:bush":1,"create:large_cogwheel":13,"minecraft:white_stained_glass":2,"botania:orange_mushroom":1,"minecraft:spruce_leaves":7,"minecraft:hay_block":7,"botania:purple_mushroom":1,"minecraft:furnace":8,"create:scorchia":2,"minecraft:stripped_spruce_log":1,"minecraft:bell":1,"biomesoplenty:sea_oats":21,"minecraft:bookshelf":22,"minecraft:deepslate_iron_ore":10,"minecraft:lantern":9,"minecraft:stone":2609,"minecraft:scaffolding":7,"mores:cobalt_ore":38,"minecraft:infested_stone_bricks":1,"minecraft:crafting_table":18,"minecraft:oak_wood":7,"minecraft:rose_bush":13,"mores:nether_silver_ore":9,"biomesoplenty:sprout":18,"minecraft:lapis_ore":18,"ars_nouveau:blue_archwood_leaves":4,"botania:pink_mystical_flower":3,"supplementaries:urn":12,"farmersdelight:wild_beetroots":2,"ars_nouveau:blue_archwood_log":32,"minecraft:beehive":2,"minecraft:yellow_bed":7,"minecraft:black_wool":2,"minecraft:coal_ore":209,"minecraft:stripped_acacia_wood":1,"storagenetwork:kabel":8,"biomesoplenty:redwood_wood":3,"minecraft:birch_fence":2},"minecraft:custom":{"minecraft:interact_with_crafting_table":174,"minecraft:open_barrel":15,"goblintraders:trade_with_goblin":93,"minecraft:leave_game":21,"minecraft:time_since_death":132235,"minecraft:damage_blocked_by_shield":150,"minecraft:play_time":968877,"minecraft:deaths":9,"minecraft:jump":14671,"minecraft:interact_with_furnace":139,"minecraft:traded_with_villager":24,"minecraft:sleep_in_bed":30,"minecraft:waystone_activated":1,"minecraft:damage_dealt":27819,"minecraft:interact_with_smithing_table":1,"minecraft:inspect_hopper":1,"minecraft:sneak_time":66399,"minecraft:total_world_time":968877,"minecraft:time_since_rest":27460,"minecraft:swim_one_cm":94883,"minecraft:fly_one_cm":2358469,"minecraft:open_chest":693,"minecraft:fall_one_cm":388263,"minecraft:sprint_one_cm":1476598,"minecraft:drop":133,"minecraft:play_noteblock":6,"minecraft:talked_to_villager":22,"minecraft:walk_on_water_one_cm":82329,"minecraft:crouch_one_cm":134731,"minecraft:mob_kills":115,"minecraft:damage_dealt_resisted":185,"minecraft:climb_one_cm":261869,"minecraft:walk_one_cm":1727175,"minecraft:walk_under_water_one_cm":62975,"minecraft:damage_taken":13226,"minecraft:aviate_one_cm":552894}},"DataVersion":3465}