{"stats":{"minecraft:broken":{"minecraft:stone_pickaxe":1,"mores:tin_pickaxe":1,"minecraft:stone_axe":1},"minecraft:custom":{"minecraft:mob_kills":15,"minecraft:interact_with_crafting_table":58,"minecraft:open_barrel":4,"minecraft:leave_game":11,"minecraft:time_since_death":49835,"minecraft:climb_one_cm":19472,"minecraft:sprint_one_cm":244066,"minecraft:walk_one_cm":251740,"minecraft:drop":9,"minecraft:play_time":167607,"minecraft:deaths":3,"minecraft:sneak_time":11151,"minecraft:walk_under_water_one_cm":15869,"minecraft:jump":2507,"minecraft:walk_on_water_one_cm":14218,"minecraft:total_world_time":167607,"minecraft:interact_with_furnace":38,"minecraft:sleep_in_bed":6,"minecraft:time_since_rest":13142,"minecraft:waystone_activated":1,"minecraft:damage_taken":2454,"minecraft:damage_dealt":3977,"minecraft:swim_one_cm":11868,"minecraft:fly_one_cm":372276,"minecraft:open_chest":139,"minecraft:crouch_one_cm":22721,"minecraft:fall_one_cm":75859},"minecraft:picked_up":{"minecraft:crafting_table":8,"vinery:red_grape":2,"minecraft:nether_wart":19,"minecraft:ladder":1,"vinery:red_grape_seeds":21,"biomesoplenty:jacaranda_sapling":2,"botania:light_blue_mushroom":1,"ars_nouveau:glyph_craft":1,"minecraft:raw_copper":54,"biomesoplenty:tall_lavender":3,"twigs:opaline_seashell":1,"mysticalagriculture:inferium_essence":68,"vinery:apple_tree_sapling":2,"minecraft:poppy":3,"biomesoplenty:redwood_wood":3,"minecraft:sugar_cane":20,"minecraft:furnace":2,"minecraft:raw_iron":33,"minecraft:torch":25,"mysticalagriculture:prosperity_shard":26,"ars_nouveau:blue_archwood_log":32,"mysticalagriculture:inferium_seeds":1,"minecraft:diorite":4,"mores:raw_tin":53,"botania:white_mystical_flower":2,"minecraft:stone_sword":1,"minecraft:rotten_flesh":5,"biomesoplenty:jacaranda_log":1,"villagersplus:occultist_table":2,"ars_nouveau:worn_notebook":1,"vinery:white_grape_seeds":25,"supplementaries:antique_ink":3,"botania:blue_mystical_flower":1,"supplementaries:ash":3,"ars_nouveau:glyph_touch":1,"villagersplus:alchemist_table":1,"minecraft:mutton":7,"minecraft:white_wool":4,"minecraft:cobblestone":199,"minecraft:oxeye_daisy":3,"biomesoplenty:lavender":8,"ars_nouveau:archwood_button":1,"minecraft:glow_ink_sac":1,"minecraft:andesite":1,"alexsmobs:bear_fur":1,"alexsmobs:bison_fur":3,"minecraft:oak_log":42,"minecraft:gunpowder":2,"scalinghealth:heart_crystal":1,"ars_nouveau:scribes_table":4,"minecraft:lapis_lazuli":43,"minecraft:dirt":111,"minecraft:lantern":3,"securitycraft:reinforced_stone_button":16,"minecraft:bone":5,"minecraft:apple":22,"minecraft:wheat_seeds":15,"minecraft:raw_gold":2,"minecraft:iron_ingot":12,"minecraft:oak_fence_gate":1,"scalinghealth:power_crystal_shard":2,"twigs:twig":13,"minecraft:soul_sand":2,"minecraft:book":27,"botania:red_mystical_flower":2,"scalinghealth:heart_crystal_shard":20,"patchouli:guide_book":1,"minecraft:dandelion":2,"ars_nouveau:novice_spell_book":1,"minecraft:gravel":1,"vinery:white_grape":8,"mores:raw_cobalt":3,"minecraft:white_bed":2,"alexsmobs:animal_dictionary":1,"biomesoplenty:flowering_oak_sapling":2,"waystones:waystone":1,"minecraft:granite":2,"minecraft:spruce_sign":1,"minecraft:oak_sapling":6,"mores:raw_silver":18,"minecraft:coal":125},"minecraft:dropped":{"ars_nouveau:novice_spell_book":1,"minecraft:apple":3,"ars_nouveau:worn_notebook":1,"minecraft:stone_sword":1,"alexsmobs:animal_dictionary":1,"patchouli:guide_book":1,"minecraft:wooden_pickaxe":1},"minecraft:mined":{"mysticalagriculture:prosperity_ore":10,"minecraft:white_bed":1,"botania:red_mystical_flower":2,"minecraft:granite":2,"minecraft:ladder":1,"botania:light_blue_mushroom":1,"biomesoplenty:bush":1,"minecraft:grass_block":43,"biomesoplenty:flowering_oak_leaves":9,"minecraft:white_stained_glass":2,"twigs:twig":6,"minecraft:nether_wart":6,"biomesoplenty:dune_grass":2,"mysticalagriculture:inferium_ore":22,"biomesoplenty:jacaranda_log":1,"biomesoplenty:tall_lavender":4,"minecraft:furnace":2,"minecraft:iron_ore":26,"biomesoplenty:lavender":9,"minecraft:andesite":2,"biomesoplenty:sea_oats":21,"minecraft:bookshelf":9,"minecraft:lantern":3,"minecraft:stone":197,"twigs:opaline_seashell":1,"mores:cobalt_ore":3,"minecraft:soul_sand":2,"minecraft:dandelion":1,"minecraft:crafting_table":8,"minecraft:torch":13,"mysticalagriculture:inferium_crop":1,"vinery:red_grape_bush":8,"minecraft:poppy":2,"minecraft:tall_grass":5,"minecraft:copper_ore":19,"mahoutsukai:mahoujin":1,"minecraft:cobblestone":2,"botania:blue_mystical_flower":1,"biomesoplenty:sprout":8,"minecraft:lapis_ore":6,"ars_nouveau:scribes_table":4,"minecraft:sugar_cane":8,"minecraft:diorite":4,"ars_nouveau:blue_archwood_leaves":4,"mores:tin_ore":16,"vinery:white_grape_bush":14,"minecraft:wall_torch":5,"supplementaries:urn":5,"ars_nouveau:blue_archwood_log":32,"minecraft:grass":71,"biomesoplenty:clover":2,"botania:white_mystical_flower":2,"minecraft:oak_log":42,"minecraft:coal_ore":98,"minecraft:oak_fence_gate":1,"minecraft:gravel":1,"mores:silver_ore":18,"minecraft:dirt":36,"villagersplus:alchemist_table":2,"villagersplus:occultist_table":2,"vinery:apple_leaves":20,"minecraft:gold_ore":2,"biomesoplenty:redwood_wood":3,"minecraft:oak_leaves":7,"minecraft:fern":5},"minecraft:killed_by":{"minecraft:enderman":1,"alexsmobs:grizzly_bear":1},"minecraft:killed":{"minecraft:spider":3,"alexsmobs:bison":2,"alexsmobs:grizzly_bear":1,"minecraft:creeper":1,"minecraft:sheep":4,"minecraft:zombie":4},"minecraft:crafted":{"minecraft:oak_planks":168,"mores:tin_pickaxe":1,"minecraft:stone_shovel":1,"ars_nouveau:archwood_planks":8,"minecraft:furnace":4,"minecraft:stone_button":16,"minecraft:stone":16,"securitycraft:keypad_item":2,"ars_nouveau:archwood_slab":6,"minecraft:heavy_weighted_pressure_plate":2,"ars_nouveau:novice_spell_book":1,"minecraft:leather":5,"minecraft:iron_axe":1,"mores:tin_ingot":43,"minecraft:ladder":78,"ars_nouveau:archwood_button":2,"minecraft:stone_pickaxe":4,"minecraft:chest":4,"minecraft:stone_hoe":1,"minecraft:cooked_cod":4,"mysticalagriculture:inferium_seeds":8,"biomesoplenty:jacaranda_planks":4,"minecraft:crafting_table":5,"biomesoplenty:redwood_planks":12,"minecraft:wooden_pickaxe":1,"minecraft:iron_sword":1,"minecraft:bucket":1,"minecraft:stone_axe":2,"minecraft:air":0,"minecraft:gold_nugget":9,"minecraft:stick":222,"minecraft:iron_ingot":6,"minecraft:iron_pickaxe":1,"minecraft:stone_sword":1,"minecraft:iron_shovel":1,"minecraft:gold_ingot":2,"ars_nouveau:scribes_table":1,"minecraft:torch":16},"minecraft:used":{"minecraft:stone_sword":103,"minecraft:spruce_slab":1,"minecraft:stone_shovel":27,"minecraft:ladder":78,"mores:tin_pickaxe":107,"minecraft:chest":8,"minecraft:spruce_planks":101,"minecraft:wooden_shovel":19,"minecraft:stone_hoe":14,"minecraft:torch":45,"minecraft:dirt":35,"securitycraft:keypad_item":2,"biomesoplenty:redwood_fence":21,"mysticalagriculture:inferium_seeds":9,"minecraft:wooden_axe":26,"minecraft:iron_axe":1,"minecraft:grass_block":18,"minecraft:bedrock":1,"minecraft:cooked_cod":3,"minecraft:furnace":4,"vinery:white_grape_seeds":25,"ars_nouveau:archwood_button":1,"minecraft:water_bucket":3,"minecraft:stone_pickaxe":294,"minecraft:wooden_pickaxe":12,"minecraft:crafting_table":11,"minecraft:cod":3,"minecraft:white_bed":2,"waystones:waystone":1,"minecraft:iron_pickaxe":45,"minecraft:lectern":1,"create:white_seat":5,"minecraft:stone_axe":161,"minecraft:wooden_sword":1,"minecraft:cobblestone":39,"minecraft:cooked_porkchop":16,"minecraft:bucket":4,"vinery:red_grape_seeds":21,"ars_nouveau:scribes_table":5}},"DataVersion":3465}