{"stats":{"minecraft:picked_up":{"alexsmobs:bear_fur":1,"vinery:red_grape_seeds":14,"alexsmobs:bison_fur":3,"minecraft:oak_log":31,"scalinghealth:heart_crystal":1,"minecraft:dirt":61,"minecraft:apple":1,"minecraft:wheat_seeds":6,"mysticalagriculture:inferium_essence":3,"minecraft:poppy":1,"twigs:twig":6,"scalinghealth:heart_crystal_shard":4,"patchouli:guide_book":1,"minecraft:dandelion":2,"vinery:white_grape":3,"biomesoplenty:flowering_oak_sapling":1,"alexsmobs:animal_dictionary":1,"mores:raw_tin":36,"minecraft:rotten_flesh":2,"ars_nouveau:worn_notebook":1,"vinery:white_grape_seeds":15,"botania:blue_mystical_flower":1,"alexsdelight:raw_bison":5,"minecraft:spruce_sign":1,"minecraft:oak_sapling":4,"minecraft:coal":17,"minecraft:cobblestone":31,"minecraft:oxeye_daisy":3},"minecraft:killed":{"alexsmobs:grizzly_bear":1,"minecraft:spider":3,"minecraft:zombie":1,"alexsmobs:bison":2},"minecraft:dropped":{"alexsmobs:animal_dictionary":1,"patchouli:guide_book":1,"ars_nouveau:worn_notebook":1},"minecraft:killed_by":{"alexsmobs:grizzly_bear":1},"minecraft:custom":{"minecraft:mob_kills":7,"minecraft:interact_with_crafting_table":14,"minecraft:leave_game":3,"minecraft:time_since_death":3444,"minecraft:climb_one_cm":12,"minecraft:time_since_rest":3484,"minecraft:sprint_one_cm":62690,"minecraft:damage_taken":936,"minecraft:walk_one_cm":63005,"minecraft:drop":3,"minecraft:damage_dealt":2308,"minecraft:crouch_one_cm":9092,"minecraft:fly_one_cm":154956,"minecraft:open_chest":10,"minecraft:play_time":38670,"minecraft:deaths":1,"minecraft:sneak_time":3482,"minecraft:jump":667,"minecraft:total_world_time":38670,"minecraft:fall_one_cm":15579},"minecraft:mined":{"minecraft:dandelion":1,"biomesoplenty:bush":1,"vinery:red_grape_bush":5,"minecraft:grass_block":31,"biomesoplenty:flowering_oak_leaves":5,"twigs:twig":1,"mahoutsukai:mahoujin":1,"minecraft:tall_grass":2,"botania:blue_mystical_flower":1,"biomesoplenty:sprout":3,"mores:tin_ore":10,"vinery:white_grape_bush":8,"minecraft:grass":26,"biomesoplenty:clover":1,"minecraft:oak_log":31,"minecraft:coal_ore":17,"minecraft:dirt":13,"minecraft:stone":32,"minecraft:oak_leaves":2,"minecraft:fern":1},"minecraft:used":{"minecraft:stone_sword":66,"minecraft:spruce_slab":1,"minecraft:stone_shovel":27,"minecraft:stone_pickaxe":50,"minecraft:chest":6,"minecraft:spruce_planks":101,"minecraft:wooden_pickaxe":9,"minecraft:wooden_shovel":19,"minecraft:torch":16,"minecraft:crafting_table":2,"biomesoplenty:redwood_fence":21,"minecraft:wooden_axe":26,"minecraft:grass_block":18,"minecraft:lectern":1,"create:white_seat":5,"minecraft:bedrock":1,"minecraft:stone_axe":25,"minecraft:wooden_sword":1,"minecraft:cooked_porkchop":5},"minecraft:crafted":{"minecraft:oak_planks":32,"minecraft:stone_shovel":1,"minecraft:crafting_table":2,"minecraft:stone_axe":1,"minecraft:stick":16,"minecraft:stone_pickaxe":1,"minecraft:stone_sword":1,"minecraft:chest":2}},"DataVersion":3465}