{"stats":{"minecraft:picked_up":{"scalinghealth:heart_crystal_shard":4,"patchouli:guide_book":1,"minecraft:dandelion":2,"vinery:red_grape_seeds":14,"alexsmobs:bison_fur":2,"vinery:white_grape":3,"minecraft:oak_log":31,"scalinghealth:heart_crystal":1,"minecraft:dirt":61,"alexsmobs:animal_dictionary":1,"minecraft:rotten_flesh":2,"minecraft:apple":1,"minecraft:wheat_seeds":3,"mysticalagriculture:inferium_essence":2,"ars_nouveau:worn_notebook":1,"vinery:white_grape_seeds":2,"botania:blue_mystical_flower":1,"alexsdelight:raw_bison":2,"minecraft:spruce_sign":1,"minecraft:poppy":1,"minecraft:oak_sapling":4,"twigs:twig":3,"minecraft:coal":7,"minecraft:cobblestone":28,"minecraft:oxeye_daisy":3},"minecraft:killed":{"minecraft:zombie":1,"minecraft:spider":2,"alexsmobs:bison":1},"minecraft:dropped":{"ars_nouveau:worn_notebook":1,"alexsmobs:animal_dictionary":1,"patchouli:guide_book":1},"minecraft:custom":{"minecraft:time_since_rest":32112,"minecraft:sprint_one_cm":36089,"minecraft:damage_taken":308,"minecraft:walk_one_cm":46166,"minecraft:mob_kills":4,"minecraft:drop":3,"minecraft:damage_dealt":990,"minecraft:interact_with_crafting_table":14,"minecraft:fly_one_cm":103646,"minecraft:open_chest":10,"minecraft:crouch_one_cm":7620,"minecraft:play_time":32112,"minecraft:sneak_time":2807,"minecraft:jump":467,"minecraft:time_since_death":32112,"minecraft:leave_game":2,"minecraft:total_world_time":32112,"minecraft:fall_one_cm":11021},"minecraft:mined":{"minecraft:dandelion":1,"vinery:red_grape_bush":5,"biomesoplenty:clover":1,"minecraft:grass":13,"minecraft:grass_block":30,"minecraft:coal_ore":7,"minecraft:oak_log":31,"biomesoplenty:flowering_oak_leaves":5,"twigs:twig":1,"minecraft:dirt":13,"mahoutsukai:mahoujin":1,"minecraft:tall_grass":1,"botania:blue_mystical_flower":1,"biomesoplenty:sprout":2,"minecraft:stone":29,"minecraft:oak_leaves":2,"vinery:white_grape_bush":3},"minecraft:used":{"minecraft:wooden_axe":26,"minecraft:stone_sword":27,"minecraft:stone_shovel":27,"minecraft:grass_block":18,"minecraft:stone_pickaxe":27,"minecraft:spruce_slab":1,"minecraft:spruce_planks":101,"minecraft:lectern":1,"minecraft:chest":6,"minecraft:wooden_pickaxe":9,"minecraft:wooden_shovel":19,"minecraft:torch":16,"create:white_seat":5,"minecraft:stone_axe":23,"minecraft:bedrock":1,"minecraft:wooden_sword":1,"minecraft:crafting_table":2,"minecraft:cooked_porkchop":2,"biomesoplenty:redwood_fence":21},"minecraft:crafted":{"minecraft:oak_planks":32,"minecraft:stone_shovel":1,"minecraft:crafting_table":2,"minecraft:stick":16,"minecraft:stone_pickaxe":1,"minecraft:stone_sword":1,"minecraft:chest":2,"minecraft:stone_axe":1}},"DataVersion":3465}