{"stats":{"minecraft:picked_up":{"minecraft:crafting_table":12,"vinery:red_grape":140,"minecraft:nether_wart":25,"minecraft:chicken":1,"minecraft:ladder":2,"vinery:red_grape_seeds":30,"biomesoplenty:jacaranda_sapling":4,"botania:light_blue_mushroom":1,"ars_nouveau:glyph_craft":1,"minecraft:raw_copper":167,"minecraft:string":7,"minecraft:moss_carpet":3,"biomesoplenty:tall_lavender":4,"ars_nouveau:glyph_pull":2,"twigs:opaline_seashell":1,"mysticalagriculture:inferium_essence":155,"vinery:apple_tree_sapling":2,"twigs:pebble":4,"minecraft:beef":31,"minecraft:rose_bush":3,"minecraft:poppy":3,"minecraft:spruce_slab":7,"biomesoplenty:redwood_wood":3,"minecraft:sugar_cane":20,"minecraft:chest":2,"minecraft:furnace":2,"minecraft:raw_iron":65,"minecraft:torch":70,"mysticalagriculture:prosperity_shard":26,"minecraft:note_block":4,"ars_nouveau:blue_archwood_log":32,"minecraft:porkchop":30,"mysticalagriculture:inferium_seeds":20,"minecraft:diorite":456,"mores:raw_tin":119,"botania:white_mystical_flower":2,"minecraft:stone_sword":2,"minecraft:arrow":5,"minecraft:rotten_flesh":10,"biomesoplenty:jacaranda_log":81,"villagersplus:occultist_table":2,"ars_nouveau:worn_notebook":1,"vinery:white_grape_seeds":33,"supplementaries:antique_ink":3,"botania:blue_mystical_flower":1,"supplementaries:ash":4,"ars_nouveau:glyph_touch":1,"minecraft:mutton":18,"villagersplus:alchemist_table":2,"minecraft:cobblestone":1956,"minecraft:white_wool":10,"minecraft:oxeye_daisy":3,"biomesoplenty:lavender":16,"ars_nouveau:archwood_button":1,"minecraft:glow_ink_sac":1,"minecraft:andesite":10,"minecraft:leather":9,"biomesoplenty:jacaranda_door":2,"alexsmobs:bear_fur":1,"alexsmobs:bison_fur":5,"create:raw_zinc":12,"minecraft:oak_log":76,"scalinghealth:bandages":1,"biomesoplenty:jacaranda_planks":2,"minecraft:gunpowder":2,"scalinghealth:heart_crystal":1,"ars_nouveau:scribes_table":4,"minecraft:lapis_lazuli":43,"minecraft:lantern":5,"minecraft:dirt":224,"securitycraft:reinforced_stone_button":24,"minecraft:bone":12,"minecraft:apple":22,"minecraft:stone_bricks":2,"botania:pink_mystical_flower":1,"minecraft:wheat_seeds":44,"minecraft:raw_gold":2,"minecraft:iron_ingot":12,"minecraft:oak_fence_gate":1,"scalinghealth:power_crystal_shard":2,"twigs:twig":16,"minecraft:oak_planks":1,"minecraft:soul_sand":4,"minecraft:book":27,"botania:red_mystical_flower":2,"scalinghealth:heart_crystal_shard":40,"minecraft:chiseled_stone_bricks":1,"patchouli:guide_book":1,"minecraft:dandelion":3,"ars_nouveau:novice_spell_book":1,"minecraft:gravel":3,"vinery:white_grape":140,"mores:raw_cobalt":16,"minecraft:white_bed":2,"minecraft:grass_block":2,"alexsmobs:animal_dictionary":1,"minecraft:spider_eye":2,"biomesoplenty:flowering_oak_sapling":2,"minecraft:diamond_shovel":1,"waystones:waystone":1,"botania:orange_mystical_flower":1,"minecraft:granite":13,"minecraft:spruce_sign":1,"scalinghealth:cursed_heart":1,"storagenetwork:kabel":1,"minecraft:oak_sapling":7,"mores:raw_silver":35,"minecraft:coal":196},"minecraft:killed_by":{"minecraft:enderman":1,"minecraft:skeleton":1,"minecraft:zombie":1,"alexsmobs:grizzly_bear":1},"minecraft:dropped":{"ars_nouveau:novice_spell_book":1,"minecraft:apple":3,"ars_nouveau:worn_notebook":1,"minecraft:stone_sword":2,"alexsmobs:animal_dictionary":1,"minecraft:diamond_shovel":1,"patchouli:guide_book":1,"securitycraft:universal_block_reinforcer_lvl1":1,"minecraft:wooden_pickaxe":1},"minecraft:mined":{"create:zinc_ore":12,"mysticalagriculture:prosperity_ore":10,"minecraft:white_bed":1,"minecraft:farmland":3,"botania:red_mystical_flower":2,"minecraft:ladder":2,"minecraft:granite":13,"botania:light_blue_mushroom":1,"biomesoplenty:bush":1,"minecraft:grass_block":100,"biomesoplenty:flowering_oak_leaves":10,"minecraft:white_stained_glass":2,"twigs:twig":7,"minecraft:moss_block":1,"minecraft:nether_wart":7,"biomesoplenty:dune_grass":2,"mysticalagriculture:inferium_ore":43,"minecraft:chiseled_stone_bricks":1,"biomesoplenty:jacaranda_log":82,"biomesoplenty:tall_lavender":8,"minecraft:furnace":2,"minecraft:iron_ore":58,"biomesoplenty:lavender":16,"minecraft:andesite":9,"minecraft:moss_carpet":1,"biomesoplenty:sea_oats":21,"minecraft:bookshelf":9,"minecraft:vine":2,"minecraft:lantern":5,"biomesoplenty:jacaranda_door":2,"minecraft:stone":1819,"twigs:opaline_seashell":1,"minecraft:spruce_slab":7,"biomesoplenty:jacaranda_leaves":18,"twigs:pebble":2,"botania:orange_mystical_flower":1,"mores:cobalt_ore":16,"minecraft:soul_sand":4,"minecraft:infested_stone_bricks":1,"minecraft:dandelion":2,"minecraft:crafting_table":12,"minecraft:torch":33,"minecraft:note_block":4,"mysticalagriculture:inferium_crop":17,"vinery:red_grape_bush":11,"minecraft:poppy":2,"minecraft:chest":2,"minecraft:rose_bush":3,"minecraft:tall_grass":30,"mahoutsukai:mahoujin":3,"minecraft:copper_ore":50,"minecraft:cobblestone":40,"botania:blue_mystical_flower":1,"biomesoplenty:sprout":14,"minecraft:lapis_ore":6,"ars_nouveau:scribes_table":4,"minecraft:oak_planks":1,"minecraft:sugar_cane":8,"minecraft:diorite":451,"ars_nouveau:blue_archwood_leaves":4,"mores:tin_ore":35,"vinery:white_grape_bush":19,"minecraft:wall_torch":10,"supplementaries:urn":5,"botania:pink_mystical_flower":1,"minecraft:seagrass":1,"ars_nouveau:blue_archwood_log":32,"minecraft:grass":204,"biomesoplenty:clover":12,"botania:white_mystical_flower":2,"minecraft:oak_log":75,"minecraft:coal_ore":170,"minecraft:oak_fence_gate":1,"minecraft:gravel":3,"minecraft:dirt":65,"mores:silver_ore":38,"villagersplus:alchemist_table":3,"vinery:apple_leaves":20,"villagersplus:occultist_table":2,"minecraft:stone_bricks":3,"storagenetwork:kabel":1,"minecraft:gold_ore":2,"biomesoplenty:redwood_wood":3,"minecraft:oak_leaves":15,"minecraft:fern":9},"minecraft:killed":{"minecraft:spider":9,"minecraft:skeleton":4,"minecraft:chicken":1,"minecraft:silverfish":2,"alexsmobs:bison":4,"minecraft:pig":13,"alexsmobs:grizzly_bear":1,"ars_nouveau:drygmy":1,"minecraft:creeper":1,"minecraft:sheep":10,"minecraft:pillager":1,"minecraft:zombie":8,"minecraft:enderman":2,"minecraft:cow":7},"minecraft:crafted":{"hangglider:glider_framework":1,"minecraft:oak_planks":304,"mores:tin_pickaxe":1,"minecraft:stone_shovel":1,"minecraft:fishing_rod":1,"vanillaplustools:stone_hammer":2,"minecraft:iron_nugget":9,"ars_nouveau:archwood_planks":8,"comforts:sleeping_bag_white":1,"hangglider:hang_glider":1,"minecraft:furnace":4,"minecraft:stone_button":24,"minecraft:stone":32,"securitycraft:keypad_item":3,"hangglider:glider_wing":2,"ars_nouveau:archwood_slab":6,"patchouli:guide_book":1,"minecraft:heavy_weighted_pressure_plate":3,"ars_nouveau:novice_spell_book":1,"minecraft:leather":5,"sophisticatedbackpacks:copper_backpack":1,"minecraft:iron_axe":2,"mores:tin_ingot":43,"minecraft:ladder":108,"ars_nouveau:archwood_button":2,"minecraft:stone_pickaxe":22,"biomesoplenty:jacaranda_door":3,"minecraft:chest":16,"minecraft:stone_hoe":1,"minecraft:oak_fence":18,"sophisticatedbackpacks:iron_backpack":1,"minecraft:dropper":1,"storagenetwork:kabel":8,"minecraft:cooked_cod":4,"mysticalagriculture:inferium_seeds":8,"sophisticatedbackpacks:backpack":1,"biomesoplenty:jacaranda_planks":116,"minecraft:cooked_porkchop":23,"minecraft:crafting_table":8,"biomesoplenty:redwood_planks":12,"minecraft:wooden_pickaxe":2,"minecraft:iron_sword":1,"minecraft:copper_ingot":41,"minecraft:bucket":1,"minecraft:stone_axe":2,"minecraft:air":0,"minecraft:gold_nugget":9,"minecraft:stick":388,"minecraft:stone_slab":12,"storagenetwork:inventory":1,"shieldexp:wooden_shield":1,"minecraft:iron_ingot":37,"minecraft:iron_pickaxe":4,"minecraft:stone_sword":2,"minecraft:iron_shovel":1,"minecraft:gold_ingot":2,"ars_nouveau:scribes_table":1,"minecraft:torch":56},"minecraft:custom":{"minecraft:mob_kills":65,"minecraft:interact_with_crafting_table":107,"minecraft:open_barrel":4,"minecraft:leave_game":17,"minecraft:time_since_death":104266,"minecraft:climb_one_cm":101955,"minecraft:sprint_one_cm":645633,"minecraft:walk_one_cm":712591,"minecraft:drop":12,"minecraft:play_noteblock":6,"minecraft:play_time":410182,"minecraft:deaths":7,"minecraft:sneak_time":32688,"minecraft:walk_under_water_one_cm":25395,"minecraft:jump":6910,"minecraft:walk_on_water_one_cm":33174,"minecraft:total_world_time":410182,"minecraft:interact_with_furnace":69,"minecraft:sleep_in_bed":19,"minecraft:waystone_activated":1,"minecraft:time_since_rest":12633,"minecraft:damage_taken":6364,"minecraft:damage_dealt":12879,"minecraft:swim_one_cm":28229,"minecraft:fly_one_cm":1049396,"minecraft:open_chest":327,"minecraft:crouch_one_cm":70601,"minecraft:fall_one_cm":202175},"minecraft:used":{"minecraft:oak_fence":12,"minecraft:stone_sword":298,"minecraft:spruce_slab":1,"minecraft:stone_shovel":27,"storagenetwork:kabel":3,"minecraft:ladder":84,"mores:tin_pickaxe":107,"minecraft:chest":21,"minecraft:spruce_planks":101,"vinery:white_grape":17,"vanillaplustools:stone_hammer":227,"minecraft:wooden_shovel":19,"minecraft:stone_hoe":34,"minecraft:torch":113,"minecraft:dirt":77,"securitycraft:keypad_item":3,"biomesoplenty:redwood_fence":21,"mysticalagriculture:inferium_seeds":28,"minecraft:wooden_axe":26,"minecraft:grass_block":18,"mysticalagriculture:inferium_essence":14,"minecraft:iron_axe":124,"biomesoplenty:jacaranda_log":2,"minecraft:stone_bricks":2,"minecraft:bedrock":1,"minecraft:furnace":6,"minecraft:cooked_cod":3,"vinery:white_grape_seeds":25,"ars_nouveau:archwood_button":1,"vinery:red_grape":21,"biomesoplenty:jacaranda_door":4,"minecraft:water_bucket":20,"minecraft:diorite":7,"storagenetwork:inventory":1,"minecraft:stone_pickaxe":360,"minecraft:oak_planks":43,"minecraft:wooden_pickaxe":20,"minecraft:crafting_table":16,"minecraft:cod":3,"minecraft:white_bed":2,"waystones:waystone":1,"minecraft:diamond_shovel":33,"minecraft:iron_pickaxe":694,"minecraft:lectern":1,"create:white_seat":5,"minecraft:stone_axe":264,"minecraft:wooden_sword":1,"minecraft:cobblestone":192,"minecraft:porkchop":5,"minecraft:cooked_porkchop":39,"minecraft:bucket":21,"ars_nouveau:scribes_table":5,"vinery:red_grape_seeds":21},"minecraft:broken":{"minecraft:stone_pickaxe":1,"vanillaplustools:stone_hammer":1,"mores:tin_pickaxe":1,"minecraft:stone_axe":1,"minecraft:iron_pickaxe":2}},"DataVersion":3465}