{"stats":{"minecraft:dropped":{"alexsmobs:animal_dictionary":1,"patchouli:guide_book":1,"ars_nouveau:worn_notebook":1},"minecraft:custom":{"minecraft:interact_with_furnace":8,"minecraft:mob_kills":7,"minecraft:interact_with_crafting_table":24,"minecraft:leave_game":9,"minecraft:time_since_death":34945,"minecraft:climb_one_cm":17070,"minecraft:time_since_rest":34985,"minecraft:sprint_one_cm":85700,"minecraft:damage_taken":1076,"minecraft:walk_one_cm":97551,"minecraft:drop":3,"minecraft:damage_dealt":2308,"minecraft:fly_one_cm":187708,"minecraft:open_chest":21,"minecraft:crouch_one_cm":13676,"minecraft:play_time":70171,"minecraft:deaths":1,"minecraft:sneak_time":6495,"minecraft:jump":992,"minecraft:walk_on_water_one_cm":659,"minecraft:total_world_time":70171,"minecraft:fall_one_cm":24619},"minecraft:killed":{"alexsmobs:grizzly_bear":1,"minecraft:spider":3,"minecraft:zombie":1,"alexsmobs:bison":2},"minecraft:mined":{"minecraft:dandelion":1,"minecraft:crafting_table":4,"minecraft:torch":2,"minecraft:ladder":1,"biomesoplenty:bush":1,"vinery:red_grape_bush":5,"minecraft:grass_block":36,"biomesoplenty:flowering_oak_leaves":5,"twigs:twig":4,"minecraft:copper_ore":7,"mahoutsukai:mahoujin":1,"minecraft:tall_grass":2,"minecraft:cobblestone":2,"botania:blue_mystical_flower":1,"biomesoplenty:sprout":4,"minecraft:lapis_ore":6,"mores:tin_ore":10,"minecraft:wall_torch":2,"vinery:white_grape_bush":8,"biomesoplenty:jacaranda_log":1,"minecraft:grass":31,"biomesoplenty:sea_oats":8,"biomesoplenty:clover":1,"minecraft:coal_ore":68,"botania:white_mystical_flower":1,"minecraft:oak_log":31,"minecraft:dirt":29,"minecraft:stone":159,"minecraft:oak_leaves":2,"minecraft:fern":2},"minecraft:crafted":{"minecraft:oak_planks":124,"minecraft:stone_shovel":1,"mores:tin_pickaxe":1,"biomesoplenty:jacaranda_planks":4,"minecraft:crafting_table":4,"minecraft:furnace":2,"minecraft:stone_axe":1,"minecraft:air":0,"mores:tin_ingot":36,"minecraft:ladder":78,"minecraft:stick":210,"minecraft:stone_pickaxe":3,"minecraft:stone_sword":1,"minecraft:chest":2,"minecraft:torch":16},"minecraft:killed_by":{"alexsmobs:grizzly_bear":1},"minecraft:used":{"minecraft:stone_sword":67,"minecraft:spruce_slab":1,"minecraft:stone_pickaxe":158,"minecraft:stone_shovel":27,"minecraft:ladder":78,"mores:tin_pickaxe":86,"minecraft:spruce_planks":101,"minecraft:chest":6,"minecraft:wooden_pickaxe":9,"minecraft:wooden_shovel":19,"minecraft:torch":30,"minecraft:dirt":20,"minecraft:crafting_table":6,"biomesoplenty:redwood_fence":21,"minecraft:wooden_axe":26,"minecraft:grass_block":18,"minecraft:lectern":1,"minecraft:stone_axe":34,"minecraft:bedrock":1,"create:white_seat":5,"minecraft:wooden_sword":1,"minecraft:cobblestone":11,"minecraft:furnace":2,"minecraft:cooked_porkchop":7},"minecraft:broken":{"minecraft:stone_pickaxe":1},"minecraft:picked_up":{"minecraft:crafting_table":4,"minecraft:ladder":1,"vinery:red_grape_seeds":14,"alexsmobs:bear_fur":1,"alexsmobs:bison_fur":3,"biomesoplenty:jacaranda_sapling":2,"minecraft:oak_log":31,"scalinghealth:heart_crystal":1,"minecraft:lapis_lazuli":43,"minecraft:dirt":82,"minecraft:raw_copper":20,"minecraft:apple":1,"minecraft:wheat_seeds":8,"mysticalagriculture:inferium_essence":3,"minecraft:poppy":1,"twigs:twig":9,"scalinghealth:heart_crystal_shard":4,"patchouli:guide_book":1,"minecraft:torch":3,"minecraft:dandelion":2,"vinery:white_grape":3,"alexsmobs:animal_dictionary":1,"biomesoplenty:flowering_oak_sapling":1,"mores:raw_tin":36,"botania:white_mystical_flower":1,"minecraft:rotten_flesh":2,"biomesoplenty:jacaranda_log":1,"ars_nouveau:worn_notebook":1,"vinery:white_grape_seeds":15,"botania:blue_mystical_flower":1,"minecraft:spruce_sign":1,"minecraft:oak_sapling":4,"minecraft:coal":68,"minecraft:cobblestone":159,"minecraft:oxeye_daisy":3}},"DataVersion":3465}