{"stats":{"minecraft:dropped":{"minecraft:oak_planks":1,"ars_nouveau:worn_notebook":2,"minecraft:allium":14,"minecraft:lilac":13,"patchouli:guide_book":1,"biomesoplenty:lavender":7,"artifacts:eternal_steak":2},"minecraft:used":{"advancednetherite:netherite_diamond_axe":2,"minecraft:oak_planks":3,"mores:onyx_battleaxe":1,"securitycraft:reinforced_oak_slab":1},"minecraft:custom":{"minecraft:time_since_rest":40273,"minecraft:open_chest":1,"minecraft:crouch_one_cm":15092,"minecraft:walk_one_cm":36368,"minecraft:play_time":40273,"minecraft:sprint_one_cm":27038,"minecraft:sneak_time":6047,"minecraft:mob_kills":1,"minecraft:drop":9,"minecraft:jump":421,"minecraft:damage_dealt":467,"minecraft:time_since_death":40273,"minecraft:total_world_time":40273,"minecraft:fly_one_cm":76005},"minecraft:picked_up":{"biomesoplenty:lavender":14,"minecraft:lilac":26,"minecraft:allium":29,"minecraft:lime_dye":2,"patchouli:guide_book":1,"minecraft:wheat_seeds":3,"ars_nouveau:worn_notebook":2,"minecraft:oak_planks":1},"minecraft:killed":{"ars_nouveau:whirlisprig":1}},"DataVersion":3465}