{"stats":{"minecraft:picked_up":{"vinery:red_grape":165,"minecraft:wheat":5,"minecraft:smithing_table":1,"vinery:red_grape_seeds":30,"botania:light_blue_mushroom":1,"ars_nouveau:glyph_craft":1,"minecraft:string":16,"minecraft:raw_copper":184,"shieldexp:wooden_shield":1,"mores:tourmaline_gem":5,"biomesoplenty:tall_lavender":5,"minecraft:gold_nugget":7,"minecraft:cobbled_deepslate":14,"mysticalagriculture:inferium_essence":234,"twigs:pebble":5,"minecraft:rose_bush":3,"hangglider:hang_glider":1,"biomesoplenty:redwood_wood":3,"minecraft:iron_boots":1,"minecraft:furnace":4,"minecraft:torch":102,"mysticalagriculture:prosperity_shard":91,"minecraft:porkchop":30,"mysticalagriculture:inferium_seeds":20,"minecraft:diorite":483,"mores:raw_tin":167,"botania:white_mystical_flower":2,"minecraft:stone_sword":3,"minecraft:rotten_flesh":20,"minecraft:tropical_fish":1,"create:scoria":2,"villagersplus:occultist_table":2,"ars_nouveau:worn_notebook":1,"supplementaries:antique_ink":3,"supplementaries:ash":12,"ars_nouveau:glyph_touch":1,"villagersplus:alchemist_table":3,"minecraft:cobblestone":2230,"biomesoplenty:lavender":21,"ars_nouveau:archwood_button":2,"minecraft:andesite":47,"alexsmobs:bison_fur":5,"alexsmobs:bear_fur":1,"minecraft:flint":4,"create:raw_zinc":36,"ars_nouveau:scribes_table":4,"minecraft:lapis_lazuli":139,"minecraft:dirt":231,"minecraft:lantern":9,"securitycraft:reinforced_stone_button":24,"minecraft:bone":28,"minecraft:bow":1,"minecraft:wheat_seeds":53,"botania:pink_mystical_flower":1,"minecraft:raw_gold":8,"minecraft:fletching_table":1,"twigs:twig":16,"minecraft:oak_planks":1,"botania:red_mystical_flower":2,"patchouli:guide_book":1,"vinery:white_grape":140,"mores:raw_cobalt":45,"minecraft:grass_block":2,"minecraft:cyan_bed":1,"minecraft:barrel":3,"alexsmobs:animal_dictionary":1,"minecraft:diamond":2,"waystones:waystone":1,"botania:orange_mushroom":1,"minecraft:granite":22,"minecraft:spruce_sign":1,"scalinghealth:cursed_heart":1,"mores:raw_silver":50,"minecraft:oak_sapling":7,"twigs:rhyolite":9,"minecraft:charcoal":4,"minecraft:crafting_table":15,"minecraft:ladder":2,"minecraft:chicken":1,"minecraft:nether_wart":31,"biomesoplenty:jacaranda_sapling":6,"ars_nouveau:archwood_slab":3,"minecraft:moss_carpet":3,"ars_nouveau:glyph_pull":2,"twigs:opaline_seashell":2,"minecraft:candle":1,"vinery:apple_tree_sapling":4,"minecraft:beef":31,"minecraft:poppy":4,"minecraft:spruce_slab":7,"minecraft:sugar_cane":48,"minecraft:chest":4,"minecraft:raw_copper_block":1,"minecraft:egg":1,"minecraft:raw_iron":134,"botania:purple_mushroom":1,"minecraft:note_block":8,"ars_nouveau:blue_archwood_log":60,"minecraft:redstone":41,"minecraft:arrow":12,"minecraft:cooked_cod":1,"biomesoplenty:jacaranda_log":81,"vinery:white_grape_seeds":41,"botania:blue_mystical_flower":1,"minecraft:mutton":18,"minecraft:white_wool":14,"minecraft:oxeye_daisy":3,"minecraft:glow_ink_sac":1,"minecraft:salmon":2,"minecraft:leather":9,"biomesoplenty:jacaranda_door":9,"minecraft:oak_log":76,"scalinghealth:bandages":1,"securitycraft:keypad_chest":2,"biomesoplenty:jacaranda_planks":2,"minecraft:gunpowder":7,"scalinghealth:heart_crystal":1,"minecraft:paper":8,"minecraft:apple":22,"minecraft:stone_bricks":2,"minecraft:iron_ingot":12,"minecraft:oak_fence_gate":2,"minecraft:stone_pickaxe":1,"scalinghealth:power_crystal_shard":2,"minecraft:soul_sand":8,"minecraft:book":27,"scalinghealth:heart_crystal_shard":40,"minecraft:smooth_basalt":1,"minecraft:chiseled_stone_bricks":1,"minecraft:dandelion":3,"ars_nouveau:novice_spell_book":2,"minecraft:gravel":9,"minecraft:white_bed":2,"minecraft:spider_eye":5,"biomesoplenty:flowering_oak_sapling":2,"minecraft:diamond_shovel":1,"minecraft:stone_axe":1,"mores:anthracite":1,"botania:orange_mystical_flower":1,"storagenetwork:kabel":1,"minecraft:coal":208},"minecraft:killed_by":{"minecraft:zombie":1,"alexsmobs:grizzly_bear":1,"minecraft:enderman":1,"minecraft:skeleton":1},"minecraft:dropped":{"ars_nouveau:novice_spell_book":1,"hangglider:hang_glider":1,"alexsmobs:animal_dictionary":1,"minecraft:diamond_shovel":1,"patchouli:guide_book":1,"minecraft:apple":3,"ars_nouveau:worn_notebook":1,"minecraft:stone_sword":2,"vinery:red_grape":3,"minecraft:wooden_pickaxe":1,"securitycraft:universal_block_reinforcer_lvl1":1},"minecraft:mined":{"create:deepslate_zinc_ore":10,"minecraft:white_bed":1,"minecraft:farmland":3,"botania:red_mystical_flower":2,"minecraft:granite":22,"botania:light_blue_mushroom":1,"minecraft:grass_block":101,"biomesoplenty:flowering_oak_leaves":10,"twigs:twig":7,"minecraft:nether_wart":7,"mysticalagriculture:inferium_ore":60,"minecraft:chiseled_stone_bricks":1,"biomesoplenty:tall_lavender":8,"mores:deepslate_tourmaline_ore":4,"minecraft:iron_ore":111,"minecraft:barrel":4,"biomesoplenty:lavender":16,"minecraft:moss_carpet":1,"minecraft:deepslate_lapis_ore":2,"minecraft:fletching_table":1,"biomesoplenty:hanging_cobweb":7,"minecraft:spruce_slab":7,"biomesoplenty:jacaranda_leaves":18,"minecraft:deepslate_redstone_ore":2,"botania:orange_mystical_flower":1,"biomesoplenty:hanging_cobweb_strand":1,"minecraft:note_block":4,"minecraft:torch":34,"mysticalagriculture:inferium_crop":17,"vinery:red_grape_bush":11,"minecraft:poppy":2,"minecraft:chest":4,"create:scoria":2,"mores:tourmaline_ore":1,"mores:anthracite_ore":1,"mahoutsukai:mahoujin":3,"minecraft:cobblestone":48,"botania:blue_mystical_flower":1,"minecraft:cyan_bed":1,"minecraft:sugar_cane":8,"minecraft:oak_planks":1,"ars_nouveau:scribes_table":4,"minecraft:wall_torch":15,"vinery:white_grape_bush":19,"minecraft:deepslate_copper_ore":1,"minecraft:seagrass":1,"minecraft:grass":204,"biomesoplenty:clover":12,"minecraft:oak_log":75,"minecraft:oak_fence_gate":1,"mores:silver_ore":53,"minecraft:dirt":68,"villagersplus:alchemist_table":3,"mysticalagriculture:deepslate_prosperity_ore":2,"minecraft:smooth_basalt":1,"twigs:rhyolite":9,"villagersplus:occultist_table":2,"vinery:apple_leaves":20,"minecraft:raw_copper_block":1,"minecraft:oak_leaves":15,"mysticalagriculture:deepslate_inferium_ore":8,"minecraft:deepslate":6,"create:zinc_ore":26,"mysticalagriculture:prosperity_ore":31,"minecraft:deepslate_diamond_ore":2,"minecraft:ladder":2,"biomesoplenty:bush":1,"minecraft:white_stained_glass":2,"botania:orange_mushroom":1,"minecraft:moss_block":1,"biomesoplenty:dune_grass":2,"botania:purple_mushroom":1,"biomesoplenty:jacaranda_log":82,"minecraft:redstone_ore":7,"minecraft:furnace":4,"minecraft:andesite":46,"mores:deepslate_cobalt_ore":10,"biomesoplenty:sea_oats":21,"minecraft:bookshelf":9,"minecraft:deepslate_iron_ore":10,"minecraft:vine":2,"minecraft:lantern":5,"biomesoplenty:jacaranda_door":9,"minecraft:stone":2085,"twigs:opaline_seashell":1,"minecraft:smithing_table":1,"twigs:pebble":2,"mores:cobalt_ore":35,"minecraft:soul_sand":4,"minecraft:infested_stone_bricks":1,"minecraft:dandelion":2,"minecraft:crafting_table":15,"minecraft:rose_bush":3,"minecraft:campfire":2,"minecraft:copper_ore":54,"minecraft:tall_grass":30,"minecraft:deepslate_gold_ore":1,"minecraft:lapis_ore":18,"biomesoplenty:sprout":14,"ars_nouveau:blue_archwood_leaves":4,"minecraft:diorite":478,"mores:tin_ore":48,"supplementaries:urn":11,"botania:pink_mystical_flower":1,"ars_nouveau:blue_archwood_log":32,"botania:white_mystical_flower":2,"minecraft:coal_ore":178,"minecraft:gravel":10,"biomesoplenty:stringy_cobweb":1,"minecraft:cobweb":9,"minecraft:stone_bricks":3,"storagenetwork:kabel":1,"minecraft:gold_ore":2,"biomesoplenty:redwood_wood":3,"minecraft:fern":9},"minecraft:killed":{"minecraft:spider":9,"minecraft:skeleton":6,"minecraft:chicken":1,"minecraft:silverfish":2,"minecraft:pig":13,"alexsmobs:grizzly_bear":1,"minecraft:creeper":1,"minecraft:sheep":10,"minecraft:pillager":1,"minecraft:zombie":12,"alexsmobs:fly":1,"minecraft:cow":7,"alexsmobs:bison":4,"ars_nouveau:drygmy":1,"minecraft:enderman":2},"minecraft:crafted":{"minecraft:oak_planks":304,"ars_nouveau:archwood_planks":8,"hangglider:hang_glider":1,"minecraft:stone":32,"securitycraft:keypad_item":3,"minecraft:heavy_weighted_pressure_plate":3,"patchouli:guide_book":1,"sophisticatedbackpacks:copper_backpack":1,"mores:tin_ingot":43,"ars_nouveau:archwood_button":2,"minecraft:chest":16,"minecraft:stone_hoe":1,"minecraft:oak_fence":18,"minecraft:dropper":1,"storagenetwork:kabel":8,"sophisticatedbackpacks:backpack":1,"biomesoplenty:jacaranda_planks":132,"minecraft:cooked_porkchop":23,"minecraft:crafting_table":8,"minecraft:wooden_pickaxe":2,"minecraft:copper_ingot":101,"minecraft:stone_slab":12,"minecraft:stick":400,"minecraft:iron_pickaxe":4,"minecraft:iron_ingot":97,"shieldexp:wooden_shield":1,"minecraft:stone_sword":3,"minecraft:gold_ingot":11,"ars_nouveau:scribes_table":1,"minecraft:shears":1,"hangglider:glider_framework":1,"minecraft:stone_shovel":1,"mores:tin_pickaxe":1,"minecraft:fishing_rod":1,"vanillaplustools:stone_hammer":2,"minecraft:iron_nugget":9,"comforts:sleeping_bag_white":1,"minecraft:furnace":4,"minecraft:stone_button":24,"hangglider:glider_wing":2,"ars_nouveau:archwood_slab":6,"ars_nouveau:novice_spell_book":1,"minecraft:leather":5,"minecraft:iron_axe":2,"securitycraft:universal_block_remover":1,"minecraft:ladder":108,"minecraft:stone_pickaxe":24,"biomesoplenty:jacaranda_door":3,"sophisticatedbackpacks:iron_backpack":1,"minecraft:cooked_cod":4,"mysticalagriculture:inferium_seeds":8,"biomesoplenty:jacaranda_boat":1,"biomesoplenty:redwood_planks":12,"minecraft:iron_sword":1,"minecraft:bucket":1,"minecraft:stone_axe":2,"minecraft:air":0,"minecraft:gold_nugget":9,"storagenetwork:inventory":1,"minecraft:iron_shovel":1,"minecraft:torch":56},"minecraft:custom":{"minecraft:interact_with_crafting_table":113,"minecraft:open_barrel":8,"goblintraders:trade_with_goblin":63,"minecraft:leave_game":18,"minecraft:time_since_death":170551,"minecraft:sprint_one_cm":712719,"minecraft:drop":16,"minecraft:play_noteblock":6,"minecraft:play_time":476467,"minecraft:deaths":7,"minecraft:jump":7616,"minecraft:walk_on_water_one_cm":44295,"minecraft:interact_with_furnace":70,"minecraft:sleep_in_bed":19,"minecraft:waystone_activated":1,"minecraft:damage_dealt":14471,"minecraft:crouch_one_cm":77674,"minecraft:mob_kills":72,"minecraft:climb_one_cm":111463,"minecraft:walk_one_cm":829207,"minecraft:sneak_time":39628,"minecraft:walk_under_water_one_cm":35305,"minecraft:total_world_time":476467,"minecraft:time_since_rest":78918,"minecraft:damage_taken":6875,"minecraft:swim_one_cm":33956,"minecraft:fly_one_cm":1094452,"minecraft:open_chest":350,"minecraft:fall_one_cm":214828},"minecraft:used":{"minecraft:spruce_slab":1,"minecraft:ladder":84,"mores:tin_pickaxe":107,"minecraft:chest":21,"vinery:white_grape":17,"securitycraft:keypad_item":3,"biomesoplenty:redwood_fence":21,"mysticalagriculture:inferium_seeds":28,"minecraft:grass_block":18,"mysticalagriculture:inferium_essence":14,"minecraft:stone_bricks":2,"minecraft:bedrock":1,"minecraft:furnace":6,"minecraft:cooked_cod":3,"vinery:white_grape_seeds":25,"ars_nouveau:archwood_button":1,"minecraft:diorite":7,"minecraft:stone_pickaxe":598,"minecraft:oak_planks":43,"minecraft:wooden_pickaxe":20,"securitycraft:universal_block_remover":2,"waystones:waystone":1,"minecraft:lectern":1,"biomesoplenty:jacaranda_boat":1,"minecraft:gravel":6,"create:white_seat":5,"minecraft:wooden_sword":1,"minecraft:andesite":3,"goblintraders:goblin_trader_spawn_egg":1,"minecraft:oak_fence":12,"minecraft:stone_sword":351,"securitycraft:keypad_chest":2,"minecraft:stone_shovel":27,"storagenetwork:kabel":3,"minecraft:spruce_planks":101,"vanillaplustools:stone_hammer":230,"minecraft:wooden_shovel":19,"minecraft:stone_hoe":34,"minecraft:torch":143,"minecraft:dirt":81,"minecraft:wooden_axe":26,"minecraft:iron_axe":147,"biomesoplenty:jacaranda_log":2,"vinery:red_grape":41,"biomesoplenty:jacaranda_door":10,"minecraft:water_bucket":20,"storagenetwork:inventory":1,"minecraft:crafting_table":19,"minecraft:white_bed":2,"minecraft:cod":3,"minecraft:diamond_shovel":33,"minecraft:iron_pickaxe":1046,"minecraft:stone_axe":264,"minecraft:cobblestone":272,"minecraft:cooked_porkchop":39,"minecraft:porkchop":5,"minecraft:bucket":21,"vinery:red_grape_seeds":21,"ars_nouveau:scribes_table":5},"minecraft:broken":{"minecraft:stone_pickaxe":2,"minecraft:stone_axe":1,"minecraft:stone_sword":1,"blue_skies:horizonite_helmet":1,"vanillaplustools:stone_hammer":1,"mores:tin_pickaxe":1,"minecraft:iron_pickaxe":4}},"DataVersion":3465}