{"stats":{"minecraft:killed":{"minecraft:spider":6,"minecraft:skeleton":2,"minecraft:silverfish":2,"alexsmobs:bison":3,"minecraft:pig":12,"alexsmobs:grizzly_bear":1,"minecraft:creeper":1,"minecraft:sheep":9,"minecraft:pillager":1,"minecraft:zombie":6,"minecraft:cow":5},"minecraft:killed_by":{"minecraft:enderman":1,"minecraft:skeleton":1,"minecraft:zombie":1,"alexsmobs:grizzly_bear":1},"minecraft:custom":{"minecraft:mob_kills":49,"minecraft:interact_with_crafting_table":71,"minecraft:open_barrel":4,"minecraft:leave_game":12,"minecraft:time_since_death":57956,"minecraft:climb_one_cm":25409,"minecraft:sprint_one_cm":409581,"minecraft:walk_one_cm":404356,"minecraft:drop":11,"minecraft:play_noteblock":6,"minecraft:play_time":233029,"minecraft:deaths":5,"minecraft:sneak_time":14057,"minecraft:walk_under_water_one_cm":16524,"minecraft:jump":4307,"minecraft:walk_on_water_one_cm":19675,"minecraft:total_world_time":233029,"minecraft:interact_with_furnace":56,"minecraft:sleep_in_bed":9,"minecraft:time_since_rest":18772,"minecraft:waystone_activated":1,"minecraft:damage_taken":4210,"minecraft:damage_dealt":8982,"minecraft:swim_one_cm":21249,"minecraft:fly_one_cm":644481,"minecraft:open_chest":184,"minecraft:crouch_one_cm":32546,"minecraft:fall_one_cm":131692},"minecraft:broken":{"minecraft:stone_pickaxe":1,"mores:tin_pickaxe":1,"minecraft:stone_axe":1},"minecraft:crafted":{"minecraft:oak_planks":180,"mores:tin_pickaxe":1,"minecraft:stone_shovel":1,"ars_nouveau:archwood_planks":8,"minecraft:furnace":4,"minecraft:stone_button":24,"minecraft:stone":32,"securitycraft:keypad_item":3,"ars_nouveau:archwood_slab":6,"minecraft:heavy_weighted_pressure_plate":3,"ars_nouveau:novice_spell_book":1,"minecraft:leather":5,"minecraft:iron_axe":1,"mores:tin_ingot":43,"minecraft:ladder":78,"ars_nouveau:archwood_button":2,"minecraft:stone_pickaxe":4,"minecraft:chest":7,"minecraft:stone_hoe":1,"minecraft:cooked_cod":4,"mysticalagriculture:inferium_seeds":8,"sophisticatedbackpacks:backpack":1,"biomesoplenty:jacaranda_planks":12,"minecraft:cooked_porkchop":23,"minecraft:crafting_table":6,"biomesoplenty:redwood_planks":12,"minecraft:wooden_pickaxe":2,"minecraft:iron_sword":1,"minecraft:bucket":1,"minecraft:stone_axe":2,"minecraft:air":0,"minecraft:gold_nugget":9,"minecraft:stick":226,"minecraft:iron_ingot":21,"shieldexp:wooden_shield":1,"minecraft:iron_pickaxe":1,"minecraft:stone_sword":2,"minecraft:iron_shovel":1,"minecraft:gold_ingot":2,"ars_nouveau:scribes_table":1,"minecraft:torch":16},"minecraft:mined":{"mysticalagriculture:prosperity_ore":10,"minecraft:white_bed":1,"botania:red_mystical_flower":2,"minecraft:granite":2,"minecraft:ladder":1,"botania:light_blue_mushroom":1,"biomesoplenty:bush":1,"minecraft:grass_block":46,"biomesoplenty:flowering_oak_leaves":9,"minecraft:white_stained_glass":2,"twigs:twig":6,"minecraft:moss_block":1,"minecraft:nether_wart":7,"biomesoplenty:dune_grass":2,"mysticalagriculture:inferium_ore":22,"minecraft:chiseled_stone_bricks":1,"biomesoplenty:jacaranda_log":3,"biomesoplenty:tall_lavender":5,"minecraft:furnace":2,"minecraft:iron_ore":26,"biomesoplenty:lavender":15,"minecraft:andesite":2,"minecraft:moss_carpet":1,"biomesoplenty:sea_oats":21,"minecraft:bookshelf":9,"minecraft:vine":2,"minecraft:lantern":5,"minecraft:stone":203,"minecraft:spruce_slab":7,"twigs:opaline_seashell":1,"twigs:pebble":2,"botania:orange_mystical_flower":1,"mores:cobalt_ore":3,"minecraft:soul_sand":4,"minecraft:infested_stone_bricks":1,"minecraft:dandelion":1,"minecraft:crafting_table":10,"minecraft:note_block":4,"minecraft:torch":20,"mysticalagriculture:inferium_crop":2,"vinery:red_grape_bush":11,"minecraft:poppy":2,"minecraft:copper_ore":21,"minecraft:tall_grass":17,"mahoutsukai:mahoujin":3,"minecraft:cobblestone":2,"botania:blue_mystical_flower":1,"biomesoplenty:sprout":8,"minecraft:lapis_ore":6,"ars_nouveau:scribes_table":4,"minecraft:sugar_cane":8,"minecraft:diorite":4,"ars_nouveau:blue_archwood_leaves":4,"mores:tin_ore":18,"vinery:white_grape_bush":19,"minecraft:wall_torch":6,"supplementaries:urn":5,"botania:pink_mystical_flower":1,"ars_nouveau:blue_archwood_log":32,"minecraft:grass":121,"biomesoplenty:clover":8,"botania:white_mystical_flower":2,"minecraft:oak_log":45,"minecraft:coal_ore":99,"minecraft:oak_fence_gate":1,"minecraft:gravel":1,"minecraft:dirt":41,"mores:silver_ore":18,"villagersplus:alchemist_table":3,"villagersplus:occultist_table":2,"vinery:apple_leaves":20,"minecraft:stone_bricks":1,"minecraft:gold_ore":2,"biomesoplenty:redwood_wood":3,"minecraft:oak_leaves":7,"minecraft:fern":9},"minecraft:picked_up":{"minecraft:crafting_table":10,"vinery:red_grape":56,"minecraft:ladder":1,"minecraft:nether_wart":25,"vinery:red_grape_seeds":30,"biomesoplenty:jacaranda_sapling":4,"botania:light_blue_mushroom":1,"ars_nouveau:glyph_craft":1,"minecraft:moss_carpet":3,"minecraft:string":4,"minecraft:raw_copper":61,"biomesoplenty:tall_lavender":4,"twigs:opaline_seashell":1,"mysticalagriculture:inferium_essence":77,"vinery:apple_tree_sapling":2,"twigs:pebble":2,"minecraft:beef":20,"minecraft:poppy":3,"minecraft:spruce_slab":7,"biomesoplenty:redwood_wood":3,"minecraft:sugar_cane":20,"minecraft:furnace":2,"minecraft:raw_iron":33,"minecraft:torch":33,"mysticalagriculture:prosperity_shard":26,"minecraft:note_block":4,"ars_nouveau:blue_archwood_log":32,"minecraft:porkchop":28,"mysticalagriculture:inferium_seeds":2,"minecraft:diorite":4,"mores:raw_tin":60,"botania:white_mystical_flower":2,"minecraft:stone_sword":1,"minecraft:arrow":5,"minecraft:rotten_flesh":9,"biomesoplenty:jacaranda_log":3,"villagersplus:occultist_table":2,"ars_nouveau:worn_notebook":1,"vinery:white_grape_seeds":33,"supplementaries:antique_ink":3,"botania:blue_mystical_flower":1,"supplementaries:ash":4,"ars_nouveau:glyph_touch":1,"villagersplus:alchemist_table":2,"minecraft:mutton":16,"minecraft:white_wool":9,"minecraft:cobblestone":205,"minecraft:oxeye_daisy":3,"biomesoplenty:lavender":15,"ars_nouveau:archwood_button":1,"minecraft:glow_ink_sac":1,"minecraft:andesite":1,"minecraft:leather":7,"alexsmobs:bear_fur":1,"alexsmobs:bison_fur":3,"minecraft:oak_log":45,"scalinghealth:bandages":1,"minecraft:gunpowder":2,"scalinghealth:heart_crystal":1,"ars_nouveau:scribes_table":4,"minecraft:lapis_lazuli":43,"minecraft:dirt":120,"minecraft:lantern":5,"securitycraft:reinforced_stone_button":24,"minecraft:bone":10,"minecraft:apple":22,"botania:pink_mystical_flower":1,"minecraft:wheat_seeds":23,"minecraft:raw_gold":2,"minecraft:iron_ingot":12,"minecraft:oak_fence_gate":1,"scalinghealth:power_crystal_shard":2,"twigs:twig":13,"minecraft:soul_sand":4,"minecraft:book":27,"botania:red_mystical_flower":2,"scalinghealth:heart_crystal_shard":33,"minecraft:chiseled_stone_bricks":1,"patchouli:guide_book":1,"minecraft:dandelion":2,"ars_nouveau:novice_spell_book":1,"minecraft:gravel":1,"vinery:white_grape":67,"mores:raw_cobalt":3,"minecraft:white_bed":2,"minecraft:spider_eye":1,"alexsmobs:animal_dictionary":1,"biomesoplenty:flowering_oak_sapling":2,"minecraft:diamond_shovel":1,"waystones:waystone":1,"botania:orange_mystical_flower":1,"minecraft:granite":2,"minecraft:spruce_sign":1,"minecraft:oak_sapling":6,"mores:raw_silver":18,"minecraft:coal":126},"minecraft:used":{"minecraft:stone_sword":210,"minecraft:spruce_slab":1,"minecraft:stone_shovel":27,"minecraft:ladder":78,"mores:tin_pickaxe":107,"minecraft:chest":10,"minecraft:spruce_planks":101,"minecraft:wooden_shovel":19,"vinery:white_grape":10,"minecraft:stone_hoe":19,"minecraft:torch":56,"minecraft:dirt":41,"securitycraft:keypad_item":3,"biomesoplenty:redwood_fence":21,"mysticalagriculture:inferium_seeds":10,"minecraft:wooden_axe":26,"minecraft:grass_block":18,"minecraft:iron_axe":1,"minecraft:bedrock":1,"minecraft:furnace":4,"minecraft:cooked_cod":3,"vinery:white_grape_seeds":25,"ars_nouveau:archwood_button":1,"vinery:red_grape":10,"minecraft:water_bucket":3,"minecraft:stone_pickaxe":312,"minecraft:wooden_pickaxe":20,"minecraft:crafting_table":13,"minecraft:cod":3,"minecraft:white_bed":2,"waystones:waystone":1,"minecraft:diamond_shovel":1,"minecraft:iron_pickaxe":45,"minecraft:lectern":1,"create:white_seat":5,"minecraft:stone_axe":223,"minecraft:wooden_sword":1,"minecraft:cobblestone":41,"minecraft:porkchop":5,"minecraft:cooked_porkchop":24,"minecraft:bucket":4,"vinery:red_grape_seeds":21,"ars_nouveau:scribes_table":5},"minecraft:dropped":{"ars_nouveau:novice_spell_book":1,"minecraft:apple":3,"ars_nouveau:worn_notebook":1,"minecraft:stone_sword":1,"alexsmobs:animal_dictionary":1,"minecraft:diamond_shovel":1,"patchouli:guide_book":1,"securitycraft:universal_block_reinforcer_lvl1":1,"minecraft:wooden_pickaxe":1}},"DataVersion":3465}